Date and Time Started,2022-Apr-20 16:32:40
Scan Name,UF MGT builder eyescan
Dwell,BER
Dwell BER,1e-6
Dwell Time,0
Horizontal Increment,1
Horizontal Range,-0.500 UI to 0.500 UI
Vertical Increment,2
Vertical Range,100%
Scan Start
2d statistical,-32,-31,-30,-29,-28,-27,-26,-25,-24,-23,-22,-21,-20,-19,-18,-17,-16,-15,-14,-13,-12,-11,-10,-9,-8,-7,-6,-5,-4,-3,-2,-1,0,1,2,3,4,5,6,7,8,9,10,11,12,13,14,15,16,17,18,19,20,21,22,23,24,25,26,27,28,29,30,31,32
127,5.30734,2.65754,5.32805,2.61679,5.33847,2.18188,5.30734,1.47921,5.31767,0.570366,5.2512,0.138298,5.30218,0.0185372,5.32286,0.00187813,5.33325,0.000133516,5.33325,1.27159e-06,5.3125,1.27159e-06,5.32805,1.27159e-06,5.34369,1.27159e-06,5.33325,1.27159e-06,5.33847,1.27159e-06,5.32805,1.27159e-06,5.35417,1.27159e-06,5.67108,1.27159e-06,5.27657,1.27159e-06,5.29191,1.27159e-06,5.34369,1.27159e-06,5.33325,1.01727e-05,5.32805,0.000453956,5.35942,0.00646474,5.34892,0.0553674,5.32286,0.273623,5.35942,0.907034,5.36469,1.50655,5.32805,2.33387,5.33325,2.6068,5.32286,2.66013,5.31767,2.66923,5.33325
125,2.66402,5.36469,2.65625,5.33325,2.58337,5.32805,2.21822,5.32805,0.719343,5.25626,0.298429,5.34892,0.0468706,5.32286,0.0051868,5.32286,0.000418352,5.3125,2.03454e-05,5.32805,1.27159e-06,5.3125,1.27159e-06,5.31767,1.27159e-06,5.33325,1.27159e-06,5.3125,1.27159e-06,5.30218,1.27159e-06,5.3125,1.27159e-06,5.30218,1.27159e-06,5.50529,1.27159e-06,5.28679,1.27159e-06,5.32286,1.27159e-06,5.33325,1.27159e-06,5.33847,5.2135e-05,5.32286,0.00124234,5.32286,0.0177005,5.33325,0.118912,5.34369,0.492271,5.33325,1.25029,5.32286,1.96589,5.32286,2.51092,5.31767,2.65109,5.32286,2.67054,5.34369,2.66532
123,5.32286,2.66273,5.33847,2.58215,5.34369,2.45009,5.27148,1.16073,5.27657,0.433261,5.27657,0.10763,5.31767,0.0141794,5.33847,0.00114443,5.34369,8.13815e-05,5.30734,2.54317e-06,5.32286,1.27159e-06,5.34369,1.27159e-06,5.29704,1.27159e-06,5.32805,1.27159e-06,5.3125,1.27159e-06,5.33325,1.27159e-06,5.3125,1.27159e-06,5.52199,1.27159e-06,5.28167,1.27159e-06,5.31767,1.27159e-06,5.32805,1.27159e-06,5.33847,7.62951e-06,5.36996,0.000153862,5.35417,0.0044391,5.36469,0.0385774,5.33847,0.220452,5.34369,0.687815,5.33325,1.53535,5.33847,2.29175,5.34892,2.58704,5.31767,2.66143,5.32286,2.66793,5.31767
121,2.66663,5.32805,2.65109,5.33847,2.51439,5.34369,2.05233,5.26639,0.743331,5.25626,0.205573,5.34369,0.036656,5.33325,0.00365072,5.3125,0.000246688,5.33325,1.27159e-05,5.30734,1.27159e-06,5.32805,1.27159e-06,5.34892,1.27159e-06,5.33325,1.27159e-06,5.32286,1.27159e-06,5.33325,1.27159e-06,5.32286,1.27159e-06,5.41791,1.27159e-06,5.44492,1.27159e-06,5.24112,1.27159e-06,5.31767,1.27159e-06,5.30734,1.27159e-06,5.34892,2.92465e-05,5.33847,0.000933344,5.32805,0.0121525,5.32286,0.0839779,5.33325,0.374803,5.31767,1.10753,5.34369,1.82224,5.31767,2.45009,5.32805,2.62686,5.32286,2.66402,5.31767,2.66273
119,5.33847,2.66532,5.30734,2.57121,5.34369,2.09323,5.29191,0.994582,5.28679,0.458929,5.26132,0.0849167,5.3125,0.0100646,5.33325,0.000812543,5.33325,4.83202e-05,5.30218,1.27159e-06,5.32805,1.27159e-06,5.31767,1.27159e-06,5.32805,1.27159e-06,5.32805,1.27159e-06,5.34369,1.27159e-06,5.33325,1.27159e-06,5.2512,1.27159e-06,5.53318,1.27159e-06,5.31767,1.27159e-06,5.36996,1.27159e-06,5.33847,1.27159e-06,5.36469,2.54317e-06,5.32805,9.66405e-05,5.34369,0.00243381,5.32805,0.0272526,5.33325,0.165492,5.32805,0.630411,5.36469,1.42294,5.31767,2.23273,5.35417,2.56879,5.33847,2.66013,5.33325,2.66663,5.32286
117,2.66532,5.32286,2.65625,5.33847,2.24835,5.34369,1.5743,5.33847,0.66374,5.25626,0.165507,5.3125,0.0245441,5.3125,0.00252282,5.33325,0.000171664,5.32805,1.27159e-05,5.3125,1.27159e-06,5.32805,1.27159e-06,5.33847,1.27159e-06,5.33325,1.27159e-06,5.31767,1.27159e-06,5.33325,1.27159e-06,5.2512,1.27159e-06,5.42329,1.27159e-06,5.60128,1.27159e-06,5.26132,1.27159e-06,5.33847,1.27159e-06,5.33325,1.27159e-06,5.32805,7.62951e-06,5.31767,0.00051372,5.38054,0.00779736,5.30734,0.0626701,5.33847,0.312697,5.33325,0.991332,5.36469,1.64446,5.34369,2.4348,5.28679,2.6256,5.32286,2.66923,5.36469,2.66143
115,5.32286,2.64724,5.34892,2.58337,5.33847,2.04541,5.32805,1.02559,5.26132,0.347961,5.27657,0.0582666,5.30734,0.00736121,5.3125,0.00054551,5.32805,2.54317e-05,5.32286,1.27159e-06,5.32805,1.27159e-06,5.31767,1.27159e-06,5.33325,1.27159e-06,5.32805,1.27159e-06,5.33847,1.27159e-06,5.31767,1.27159e-06,5.35942,1.27159e-06,5.63596,1.27159e-06,5.6888,1.27159e-06,5.26639,1.27159e-06,5.34369,1.27159e-06,5.34369,6.35793e-06,5.3125,4.57771e-05,5.31767,0.00147122,5.31767,0.0194489,5.32286,0.131704,5.34369,0.494499,5.31767,1.36805,5.33847,2.08843,5.31767,2.57363,5.3125,2.66013,5.32286,2.66143,5.33325
113,2.66663,5.32805,2.63447,5.35417,2.49943,5.32805,1.85127,5.2512,0.592455,5.28679,0.129693,5.29191,0.0178937,5.32805,0.00180438,5.33325,9.15541e-05,5.33847,1.27159e-06,5.33325,1.27159e-06,5.3125,1.27159e-06,5.33847,1.27159e-06,5.31767,1.27159e-06,5.30734,1.27159e-06,5.31767,1.27159e-06,5.28167,1.27159e-06,5.40183,1.27159e-06,5.68288,1.27159e-06,5.22108,1.27159e-06,5.33847,1.27159e-06,5.32805,1.27159e-06,5.32805,1.01727e-05,5.3125,0.000263218,5.35417,0.00488289,5.3125,0.0454986,5.32805,0.244526,5.30734,0.732464,5.33847,1.7476,5.32805,2.3092,5.33325,2.60307,5.32286,2.66013,5.34369,2.66273
111,5.33847,2.65367,5.33325,2.58704,5.32286,2.04848,5.34369,1.14636,5.26639,0.265987,5.29704,0.0458941,5.32286,0.00486763,5.33325,0.000311538,5.31767,1.39874e-05,5.34892,1.27159e-06,5.32286,1.27159e-06,5.34369,1.27159e-06,5.32286,1.27159e-06,5.33325,1.27159e-06,5.30734,1.27159e-06,5.33325,1.27159e-06,5.26132,1.27159e-06,5.47768,1.27159e-06,5.5557,1.27159e-06,5.26132,1.27159e-06,5.33325,1.27159e-06,5.3125,1.27159e-06,5.33325,4.19623e-05,5.3125,0.000776939,5.30734,0.0138514,5.35417,0.102445,5.33847,0.435125,5.34369,1.18671,5.35942,2.01003,5.31767,2.55318,5.3125,2.64339,5.29191,2.67446,5.33325
109,2.66402,5.3125,2.63447,5.33325,2.33887,5.33847,1.47841,5.28679,0.612385,5.29704,0.103454,5.29704,0.0130465,5.32805,0.00120292,5.32805,5.2135e-05,5.31767,1.27159e-06,5.31767,1.27159e-06,5.3125,1.27159e-06,5.32805,1.27159e-06,5.30218,1.27159e-06,5.33847,1.27159e-06,5.28167,1.27159e-06,5.24112,1.27159e-06,5.30734,1.27159e-06,5.49975,1.27159e-06,5.28679,1.27159e-06,5.33325,1.27159e-06,5.33325,1.27159e-06,5.33325,6.35793e-06,5.31767,0.000109356,5.33325,0.00310267,5.3125,0.0334783,5.30734,0.192637,5.32805,0.695169,5.33847,1.53406,5.34892,2.26796,5.33325,2.62182,5.36996,2.65238,5.33847,2.66923
107,5.34369,2.64211,5.34892,2.40372,5.38054,1.93661,5.3125,0.731777,5.27657,0.18452,5.29704,0.0275756,5.30734,0.0029895,5.32805,0.000195824,5.33847,1.01727e-05,5.30218,1.27159e-06,5.33325,1.27159e-06,5.32286,1.27159e-06,5.33847,1.27159e-06,5.31767,1.27159e-06,5.32805,1.27159e-06,5.33325,1.27159e-06,5.26132,1.27159e-06,5.65347,1.27159e-06,5.27657,1.27159e-06,5.3125,1.27159e-06,5.32286,1.27159e-06,5.3125,1.27159e-06,5.34892,1.27159e-05,5.32805,0.000518807,5.34369,0.00828311,5.34892,0.0748608,5.33325,0.377967,5.33847,1.05085,5.37525,1.70557,5.31767,2.48352,5.34892,2.64852,5.35942,2.65367,5.33325
105,2.65884,5.34892,2.59319,5.34369,2.25021,5.34369,1.21226,5.28167,0.333919,5.29704,0.0697363,5.33325,0.00930165,5.32805,0.000751507,5.33325,3.56044e-05,5.33847,2.54317e-06,5.30218,1.27159e-06,5.3125,1.27159e-06,5.34892,1.27159e-06,5.32805,1.27159e-06,5.30734,1.27159e-06,5.32805,1.27159e-06,5.33325,1.27159e-06,5.51641,1.27159e-06,5.41254,1.27159e-06,5.27657,1.27159e-06,5.32286,1.27159e-06,5.34369,1.27159e-06,5.33325,1.27159e-06,5.34892,5.08634e-05,5.33847,0.00198494,5.33325,0.0252308,5.32286,0.153449,5.30734,0.552982,5.35417,1.16222,5.33325,2.22545,5.33847,2.59319,5.34369,2.65496,5.30218,2.67184
103,5.33847,2.62308,5.34369,2.41328,5.33325,1.99534,5.30734,0.613831,5.26639,0.161805,5.29704,0.023092,5.31767,0.00216678,5.32805,0.000143689,5.32286,8.9011e-06,5.32805,1.27159e-06,5.31767,1.27159e-06,5.33325,1.27159e-06,5.30218,1.27159e-06,5.32286,1.27159e-06,5.33847,1.27159e-06,5.3125,1.27159e-06,5.26639,1.27159e-06,5.69473,1.27159e-06,5.30734,1.27159e-06,5.30218,1.27159e-06,5.32805,1.27159e-06,5.34892,1.27159e-06,5.33325,8.9011e-06,5.33847,0.000239058,5.32286,0.00572976,5.3125,0.0530569,5.31767,0.283319,5.36469,0.793325,5.35942,1.83202,5.35417,2.28887,5.31767,2.64852,5.32286,2.66273,5.33325
101,2.66143,5.35417,2.49031,5.34369,1.84939,5.33325,1.18826,5.26639,0.302428,5.29704,0.0568233,5.37525,0.00596373,5.33847,0.000461585,5.33847,2.03454e-05,5.33325,1.27159e-06,5.3125,1.27159e-06,5.3125,1.27159e-06,5.31767,1.27159e-06,5.33325,1.27159e-06,5.32805,1.27159e-06,5.33325,1.27159e-06,5.26639,1.27159e-06,5.29191,1.27159e-06,5.3125,1.27159e-06,5.24616,1.27159e-06,5.30218,1.27159e-06,5.32286,1.27159e-06,5.30734,1.27159e-06,5.33847,3.6876e-05,5.3125,0.00124488,5.31767,0.0161262,5.31767,0.122758,5.35417,0.474726,5.34892,1.25719,5.37525,2.07101,5.32805,2.57728,5.31767,2.66273,5.34369,2.66532
99,5.33847,2.62182,5.35417,2.26045,5.33847,1.61242,5.27148,0.553655,5.28167,0.137176,5.28167,0.0183553,5.33847,0.00146868,5.32286,6.99372e-05,5.3125,1.27159e-06,5.32286,1.27159e-06,5.33847,1.27159e-06,5.34892,1.27159e-06,5.30734,1.27159e-06,5.32805,1.27159e-06,5.33847,1.27159e-06,5.30218,1.27159e-06,5.32286,1.27159e-06,5.67698,1.27159e-06,5.64762,1.27159e-06,5.32805,1.27159e-06,5.32805,1.27159e-06,5.31767,1.27159e-06,5.33847,5.08634e-06,5.33325,0.000162763,5.34892,0.0037143,5.3125,0.0390834,5.35942,0.249258,5.34369,0.833524,5.33847,1.70557,5.35417,2.33287,5.31767,2.63829,5.3125,2.66402,5.33325
97,2.65109,5.32805,2.48013,5.36996,1.85947,5.30218,0.849868,5.32805,0.301677,5.30218,0.044386,5.33847,0.00419623,5.32805,0.000310267,5.32805,1.39874e-05,5.33847,1.27159e-06,5.32286,1.27159e-06,5.32286,1.27159e-06,5.32286,1.27159e-06,5.32286,1.27159e-06,5.3125,1.27159e-06,5.3125,1.27159e-06,5.2512,1.27159e-06,5.41254,1.27159e-06,5.61857,1.27159e-06,5.2512,1.27159e-06,5.31767,1.27159e-06,5.32286,1.27159e-06,5.33847,2.54317e-06,5.31767,1.14443e-05,5.30734,0.000771852,5.32805,0.0113718,5.33847,0.0914262,5.31767,0.44085,5.34369,1.21307,5.33847,1.86454,5.35942,2.55199,5.33325,2.65109,5.33325,2.67577
95,5.32805,2.57849,5.32805,2.35297,5.37525,1.46689,5.29704,0.438338,5.30218,0.0946212,5.34892,0.0123433,5.32805,0.00102617,5.33847,5.84929e-05,5.30734,3.81476e-06,5.32805,1.27159e-06,5.32286,1.27159e-06,5.32286,1.27159e-06,5.32805,1.27159e-06,5.31767,1.27159e-06,5.32286,1.27159e-06,5.34892,1.27159e-06,5.27657,1.27159e-06,5.60703,1.27159e-06,5.25626,1.27159e-06,5.28679,1.27159e-06,5.30734,1.27159e-06,5.32286,1.27159e-06,5.33325,1.27159e-06,5.31767,8.13815e-05,5.32805,0.00222146,5.32805,0.0293952,5.33325,0.186882,5.32286,0.719722,5.33325,1.62441,5.32286,2.15095,5.3125,2.6068,5.30218,2.66402,5.30734
93,2.66273,5.38054,2.51092,5.35942,1.63169,5.31767,0.729334,5.28679,0.220505,5.27657,0.034919,5.34369,0.00316879,5.32805,0.000199639,5.33325,6.35793e-06,5.32286,1.27159e-06,5.30734,1.27159e-06,5.32286,1.27159e-06,5.33325,1.27159e-06,5.29704,1.27159e-06,5.32805,1.27159e-06,5.32286,1.27159e-06,5.26639,1.27159e-06,5.34892,1.27159e-06,5.5784,1.27159e-06,5.2512,1.27159e-06,5.33847,1.27159e-06,5.32805,1.27159e-06,5.32286,1.27159e-06,5.33847,7.62951e-06,5.36469,0.00036876,5.33325,0.00746039,5.34369,0.0699944,5.31767,0.369578,5.33847,1.08165,5.33325,1.9196,5.32805,2.52019,5.32286,2.63956,5.3125,2.67184
91,5.34369,2.60307,5.35942,2.00929,5.35417,1.11659,5.29191,0.477967,5.34369,0.0763333,5.31767,0.00815213,5.31767,0.000704458,5.34369,2.16169e-05,5.33847,2.54317e-06,5.28167,1.27159e-06,5.33847,1.27159e-06,5.31767,1.27159e-06,5.32805,1.27159e-06,5.31767,1.27159e-06,5.33325,1.27159e-06,5.32286,1.27159e-06,5.31767,1.27159e-06,5.63015,1.27159e-06,5.34369,1.27159e-06,5.3125,1.27159e-06,5.33325,1.27159e-06,5.32805,1.27159e-06,5.32286,1.27159e-06,5.34369,4.95918e-05,5.32805,0.00134407,5.3125,0.019468,5.33847,0.143687,5.32286,0.611083,5.33847,1.4304,5.31767,2.18976,5.33325,2.60432,5.37525,2.66013,5.33325
89,2.63956,5.35942,2.54012,5.34892,1.98591,5.3125,0.712771,5.30218,0.18744,5.30734,0.0223608,5.3125,0.00206124,5.33325,0.000109356,5.32805,1.27159e-06,5.33325,1.27159e-06,5.33847,1.27159e-06,5.32286,1.27159e-06,5.32286,1.27159e-06,5.32805,1.27159e-06,5.32805,1.27159e-06,5.35417,1.27159e-06,5.23108,1.27159e-06,5.46125,1.27159e-06,5.56135,1.27159e-06,5.24112,1.27159e-06,5.32805,1.27159e-06,5.34892,1.27159e-06,5.33325,1.27159e-06,5.32286,1.27159e-06,5.36469,0.000241601,5.32286,0.00450141,5.34369,0.048408,5.33325,0.262648,5.35417,0.791715,5.32805,1.83571,5.34369,2.41008,5.30218,2.64724,5.29704,2.67446
87,5.34892,2.50746,5.34369,2.11022,5.31767,1.19189,5.29704,0.303167,5.30734,0.0577122,5.31767,0.00631724,5.3125,0.000405636,5.3125,2.03454e-05,5.33325,1.27159e-06,5.32286,1.27159e-06,5.33325,1.27159e-06,5.32286,1.27159e-06,5.33847,1.27159e-06,5.32286,1.27159e-06,5.31767,1.27159e-06,5.34892,1.27159e-06,5.31767,1.27159e-06,5.63596,1.27159e-06,5.30218,1.27159e-06,5.29704,1.27159e-06,5.32286,1.27159e-06,5.32805,1.27159e-06,5.32805,1.27159e-06,5.31767,3.6876e-05,5.33847,0.000751507,5.30734,0.0139747,5.32805,0.109136,5.32286,0.47547,5.32805,1.30061,5.32805,1.94489,5.32286,2.56638,5.34892,2.65238,5.35417
85,2.64595,5.33847,2.48918,5.36996,1.42109,5.3125,0.690685,5.29704,0.131606,5.35417,0.0154714,5.32805,0.00139874,5.32286,6.86656e-05,5.31767,3.81476e-06,5.35942,1.27159e-06,5.34369,1.27159e-06,5.32286,1.27159e-06,5.33325,1.27159e-06,5.34892,1.27159e-06,5.32805,1.27159e-06,5.34369,1.27159e-06,5.25626,1.27159e-06,5.44492,1.27159e-06,5.48318,1.27159e-06,5.28679,1.27159e-06,5.3125,1.27159e-06,5.32286,1.27159e-06,5.32805,1.27159e-06,5.32805,1.27159e-06,5.3125,0.000119529,5.33325,0.00289158,5.32805,0.0363953,5.33325,0.223785,5.33847,0.704314,5.35417,1.77313,5.32805,2.39109,5.33847,2.62434,5.35942,2.6784
83,5.34369,2.54841,5.37525,1.73759,5.34892,1.0052,5.29191,0.258974,5.3125,0.0437146,5.31767,0.00437298,5.32286,0.000317896,5.34369,1.14443e-05,5.30734,1.27159e-06,5.32286,1.27159e-06,5.32805,1.27159e-06,5.36996,1.27159e-06,5.33325,1.27159e-06,5.33325,1.27159e-06,5.33325,1.27159e-06,5.33325,1.27159e-06,5.26639,1.27159e-06,5.70068,1.27159e-06,5.49422,1.27159e-06,5.30218,1.27159e-06,5.32286,1.27159e-06,5.30734,1.27159e-06,5.32805,1.27159e-06,5.30218,1.39874e-05,5.33325,0.000576028,5.32286,0.00970601,5.33325,0.0872822,5.32286,0.404357,5.36469,1.14829,5.34369,2.125,5.31767,2.57606,5.32805,2.65238,5.31767
81,2.62686,5.36469,2.18888,5.36996,1.76682,5.29704,0.439537,5.29191,0.0981604,5.31767,0.0114163,5.33325,0.000821444,5.32286,4.32339e-05,5.30734,1.27159e-06,5.33847,1.27159e-06,5.31767,1.27159e-06,5.29704,1.27159e-06,5.34369,1.27159e-06,5.32286,1.27159e-06,5.3125,1.27159e-06,5.33325,1.27159e-06,5.2512,1.27159e-06,5.33325,1.27159e-06,5.63015,1.27159e-06,5.23108,1.27159e-06,5.30218,1.27159e-06,5.33847,1.27159e-06,5.32286,1.27159e-06,5.32805,1.27159e-06,5.30734,5.72213e-05,5.33847,0.00199766,5.32805,0.0281415,5.31767,0.189246,5.35417,0.729042,5.32805,1.57657,5.33847,2.34388,5.33847,2.62056,5.34369,2.6916
79,5.36996,2.39109,5.36996,1.9442,5.34369,0.783761,5.29704,0.219663,5.30218,0.0326543,5.3125,0.00301874,5.34892,0.000198367,5.3125,1.01727e-05,5.33847,1.27159e-06,5.30734,1.27159e-06,5.32286,1.27159e-06,5.3125,1.27159e-06,5.32805,1.27159e-06,5.33325,1.27159e-06,5.32286,1.27159e-06,5.26132,1.27159e-06,5.42329,1.27159e-06,5.70068,1.27159e-06,5.25626,1.27159e-06,5.30734,1.27159e-06,5.32805,1.27159e-06,5.34892,1.27159e-06,5.31767,1.27159e-06,5.33325,8.9011e-06,5.31767,0.000259403,5.33325,0.00633885,5.34892,0.0630872,5.34892,0.328852,5.36996,0.888153,5.32805,1.89167,5.35942,2.51207,5.33847,2.67577,5.3125
77,2.55318,5.36469,2.04541,5.38585,1.06623,5.33847,0.422828,5.30218,0.0797869,5.3125,0.00850436,5.30218,0.000637064,5.33847,2.28885e-05,5.34369,1.27159e-06,5.34369,1.27159e-06,5.29191,1.27159e-06,5.33325,1.27159e-06,5.32286,1.27159e-06,5.34892,1.27159e-06,5.33325,1.27159e-06,5.31767,1.27159e-06,5.32286,1.27159e-06,5.33847,1.27159e-06,5.51641,1.27159e-06,5.28167,1.27159e-06,5.32286,1.27159e-06,5.32805,1.27159e-06,5.31767,1.27159e-06,5.32805,1.27159e-06,5.35942,4.32339e-05,5.3125,0.00116732,5.32805,0.0181099,5.32286,0.134577,5.34369,0.555683,5.33325,1.52082,5.33325,2.33487,5.35942,2.58827,5.31767,2.7103
75,5.35417,2.3459,5.39649,1.65292,5.33325,0.678669,5.30734,0.174108,5.30218,0.0237634,5.31767,0.0020498,5.31767,0.000110628,5.31767,6.35793e-06,5.32805,1.27159e-06,5.33325,1.27159e-06,5.33325,1.27159e-06,5.32805,1.27159e-06,5.36996,1.27159e-06,5.30734,1.27159e-06,5.33325,1.27159e-06,5.32805,1.27159e-06,5.35417,1.27159e-06,5.6652,1.27159e-06,5.62436,1.27159e-06,5.3125,1.27159e-06,5.33325,1.27159e-06,5.35417,1.27159e-06,5.31767,1.27159e-06,5.33847,1.27159e-06,5.3125,0.000190738,5.32805,0.00451031,5.33847,0.0460797,5.32286,0.283054,5.34369,0.967278,5.33847,1.93387,5.35417,2.44351,5.33847,2.69292,5.30218
73,2.53658,5.37525,1.98591,5.39116,0.922041,5.32286,0.404118,5.3125,0.0626586,5.29704,0.00610361,5.32286,0.000445055,5.33325,1.65306e-05,5.34369,1.27159e-06,5.3125,1.27159e-06,5.33847,1.27159e-06,5.30734,1.27159e-06,5.31767,1.27159e-06,5.31767,1.27159e-06,5.33325,1.27159e-06,5.28167,1.27159e-06,5.2361,1.27159e-06,5.31767,1.27159e-06,5.38054,1.27159e-06,5.24112,1.27159e-06,5.35942,1.27159e-06,5.33847,1.27159e-06,5.31767,1.27159e-06,5.34892,1.27159e-06,5.32286,2.03454e-05,5.33847,0.000759136,5.3125,0.0126624,5.33325,0.110206,5.34369,0.534788,5.32286,1.39105,5.33325,2.13413,5.32805,2.59073,5.33325,2.7596
71,5.35942,2.32295,5.40183,1.57657,5.38054,0.59994,5.30734,0.135559,5.31767,0.0152946,5.33847,0.00131609,5.32805,6.48508e-05,5.3125,3.81476e-06,5.33847,1.27159e-06,5.31767,1.27159e-06,5.34892,1.27159e-06,5.33325,1.27159e-06,5.31767,1.27159e-06,5.33325,1.27159e-06,5.33325,1.27159e-06,5.34892,1.27159e-06,5.31767,1.27159e-06,5.65933,1.27159e-06,5.33847,1.27159e-06,5.29191,1.27159e-06,5.36469,1.27159e-06,5.32286,1.27159e-06,5.32286,1.27159e-06,5.32286,2.54317e-06,5.33325,0.00010427,5.32805,0.00283818,5.32286,0.0358981,5.33847,0.231017,5.34369,0.715104,5.33325,1.83633,5.35417,2.37342,5.32805,2.6332,5.3125
69,2.49372,5.38585,1.93456,5.38054,1.3166,5.32286,0.271003,5.31767,0.0413558,5.33325,0.00401312,5.32805,0.000236515,5.33847,1.5259e-05,5.28167,1.27159e-06,5.32805,1.27159e-06,5.31767,1.27159e-06,5.33325,1.27159e-06,5.33847,1.27159e-06,5.30218,1.27159e-06,5.33847,1.27159e-06,5.33847,1.27159e-06,5.29191,1.27159e-06,5.35417,1.27159e-06,5.39649,1.27159e-06,5.30734,1.27159e-06,5.3125,1.27159e-06,5.33325,1.27159e-06,5.31767,1.27159e-06,5.34892,1.27159e-06,5.33325,1.14443e-05,5.32805,0.000469215,5.3125,0.00959792,5.32805,0.0879655,5.31767,0.456703,5.33847,1.29108,5.33325,1.97657,5.3125,2.56758,5.32805,2.74022
67,5.36469,2.43915,5.36996,1.70345,5.35417,0.44735,5.3125,0.0966422,5.30734,0.0112866,5.28679,0.000764223,5.31767,2.16169e-05,5.33847,1.27159e-06,5.32805,1.27159e-06,5.33325,1.27159e-06,5.32286,1.27159e-06,5.30218,1.27159e-06,5.32286,1.27159e-06,5.32805,1.27159e-06,5.31767,1.27159e-06,5.33325,1.27159e-06,5.2512,1.27159e-06,5.56135,1.27159e-06,5.22608,1.27159e-06,5.34892,1.27159e-06,5.33325,1.27159e-06,5.32286,1.27159e-06,5.34369,1.27159e-06,5.32805,1.27159e-06,5.33325,8.9011e-05,5.30734,0.00182854,5.30734,0.024375,5.33847,0.18018,5.32286,0.712678,5.33847,1.50241,5.34892,2.41755,5.34369,2.70895,5.29704
65,2.46335,5.37525,1.85002,5.37525,0.769949,5.35417,0.201992,5.31767,0.0321101,5.32286,0.00277841,5.34892,0.000141146,5.3125,5.08634e-06,5.33325,1.27159e-06,5.31767,1.27159e-06,5.32805,1.27159e-06,5.34369,1.27159e-06,5.34369,1.27159e-06,5.32286,1.27159e-06,5.32286,1.27159e-06,5.31767,1.27159e-06,5.3125,1.27159e-06,5.41254,1.27159e-06,5.33847,1.27159e-06,5.22108,1.27159e-06,5.30218,1.27159e-06,5.33325,1.27159e-06,5.33847,1.27159e-06,5.36469,1.27159e-06,5.33325,1.14443e-05,5.34369,0.000263218,5.32805,0.00593957,5.33325,0.0637802,5.32286,0.3862,5.33325,0.952267,5.32805,1.93661,5.35417,2.48126,5.30734,2.74159
63,5.39116,2.06007,5.37525,1.02251,5.33847,0.425232,5.32286,0.0750502,5.33325,0.0077376,5.32805,0.000531523,5.32286,2.28885e-05,5.32805,1.27159e-06,5.34369,1.27159e-06,5.31767,1.27159e-06,5.35417,1.27159e-06,5.3125,1.27159e-06,5.3125,1.27159e-06,5.32805,1.27159e-06,5.32286,1.27159e-06,5.32286,1.27159e-06,5.28679,1.27159e-06,5.7791,1.27159e-06,5.28167,1.27159e-06,5.22608,1.27159e-06,5.33325,1.27159e-06,5.32805,1.27159e-06,5.34892,1.27159e-06,5.32286,1.27159e-06,5.3125,3.0518e-05,5.34369,0.00110882,5.34892,0.0185384,5.32286,0.149219,5.32805,0.656874,5.35417,1.48646,5.34369,2.21462,5.33325,2.63829,5.32805
61,2.37239,5.39649,1.76511,5.40718,0.670998,5.30218,0.167456,5.29704,0.0241271,5.30218,0.00191882,5.31767,0.000100455,5.33847,2.54317e-06,5.30734,1.27159e-06,5.33325,1.27159e-06,5.32805,1.27159e-06,5.32805,1.27159e-06,5.3125,1.27159e-06,5.30734,1.27159e-06,5.32286,1.27159e-06,5.34892,1.27159e-06,5.30218,1.27159e-06,5.6652,1.27159e-06,5.6128,1.27159e-06,5.24112,1.27159e-06,5.33325,1.27159e-06,5.32286,1.27159e-06,5.3125,1.27159e-06,5.34892,1.27159e-06,5.33325,3.81476e-06,5.32286,0.000207268,5.3125,0.00387325,5.32805,0.0465248,5.31767,0.290569,5.33847,1.00464,5.34369,1.84626,5.31767,2.45891,5.34892,2.85034
59,5.41254,1.9042,5.36996,0.898527,5.34369,0.300382,5.32805,0.0577465,5.31767,0.0059027,5.34369,0.000411994,5.32286,1.39874e-05,5.34369,1.27159e-06,5.33325,1.27159e-06,5.32805,1.27159e-06,5.33847,1.27159e-06,5.32286,1.27159e-06,5.32286,1.27159e-06,5.34369,1.27159e-06,5.32805,1.27159e-06,5.32286,1.27159e-06,5.23108,1.27159e-06,5.62436,1.27159e-06,5.3125,1.27159e-06,5.21609,1.27159e-06,5.3125,1.27159e-06,5.36996,1.27159e-06,5.31767,1.27159e-06,5.3125,1.27159e-06,5.34892,1.5259e-05,5.30218,0.000667582,5.31767,0.0126307,5.33325,0.112012,5.35417,0.488091,5.35417,1.45984,5.34369,2.11676,5.32805,2.67446,5.35942
57,2.31605,5.43408,1.66248,5.38585,0.546016,5.3125,0.141425,5.30218,0.0160817,5.34369,0.00119148,5.32805,5.72213e-05,5.30218,1.27159e-06,5.32286,1.27159e-06,5.33325,1.27159e-06,5.33847,1.27159e-06,5.32805,1.27159e-06,5.30734,1.27159e-06,5.33847,1.27159e-06,5.34369,1.27159e-06,5.32286,1.27159e-06,5.24112,1.27159e-06,5.41791,1.27159e-06,5.68288,1.27159e-06,5.21609,1.27159e-06,5.32286,1.27159e-06,5.30218,1.27159e-06,5.32805,1.27159e-06,5.33325,1.27159e-06,5.32805,1.27159e-06,5.3125,6.61224e-05,5.3125,0.00260166,5.36996,0.0337847,5.33325,0.230783,5.32805,0.912032,5.32805,1.86709,5.33847,2.4678,5.34369,2.89108
55,5.39649,1.79824,5.41791,0.863166,5.31767,0.299361,5.31767,0.042696,5.33325,0.00399278,5.34369,0.000209812,5.31767,6.35793e-06,5.32286,1.27159e-06,5.33325,1.27159e-06,5.32805,1.27159e-06,5.34369,1.27159e-06,5.31767,1.27159e-06,5.34369,1.27159e-06,5.31767,1.27159e-06,5.32805,1.27159e-06,5.27657,1.27159e-06,5.2361,1.27159e-06,5.69473,1.27159e-06,5.29191,1.27159e-06,5.29191,1.27159e-06,5.36469,1.27159e-06,5.3125,1.27159e-06,5.27657,1.27159e-06,5.32805,1.27159e-06,5.33847,7.62951e-06,5.3125,0.000334427,5.30734,0.00838483,5.33325,0.0851206,5.32286,0.417017,5.37525,1.20771,5.33847,2.04695,5.32805,2.82089,5.3125
53,2.37549,5.41791,1.50697,5.38054,0.545089,5.32286,0.103994,5.30218,0.012094,5.32805,0.000846876,5.31767,2.54317e-05,5.34369,1.27159e-06,5.36469,1.27159e-06,5.31767,1.27159e-06,5.33325,1.27159e-06,5.3125,1.27159e-06,5.33847,1.27159e-06,5.32286,1.27159e-06,5.32805,1.27159e-06,5.33325,1.27159e-06,5.29704,1.27159e-06,5.60703,1.27159e-06,5.49975,1.27159e-06,5.23108,1.27159e-06,5.3125,1.27159e-06,5.32286,1.27159e-06,5.32805,1.27159e-06,5.28167,1.27159e-06,5.33325,1.27159e-06,5.34892,6.35793e-05,5.32286,0.00146868,5.34892,0.0250439,5.32805,0.188124,5.32286,0.755673,5.35942,1.65995,5.32805,2.34388,5.33325,3.18069
51,5.43408,1.75829,5.39649,0.965909,5.32286,0.221876,5.31767,0.0323555,5.33325,0.00292592,5.33325,0.000192009,5.32805,2.54317e-06,5.32805,1.27159e-06,5.32286,1.27159e-06,5.36996,1.27159e-06,5.27657,1.27159e-06,5.33325,1.27159e-06,5.30734,1.27159e-06,5.32286,1.27159e-06,5.3125,1.27159e-06,5.31767,1.27159e-06,5.33847,1.27159e-06,5.51641,1.27159e-06,5.27657,1.27159e-06,5.26639,1.27159e-06,5.34369,1.27159e-06,5.33847,1.27159e-06,5.33325,1.27159e-06,5.29704,1.27159e-06,5.31767,2.54317e-06,5.32805,0.000275934,5.32286,0.0059383,5.33325,0.0652756,5.33847,0.397268,5.32805,1.09862,5.35417,2.17233,5.36469,2.83113,5.32286
49,2.20657,5.39649,1.12464,5.36996,0.402272,5.31767,0.0786895,5.3125,0.00754686,5.32286,0.000462857,5.32805,2.16169e-05,5.32805,1.27159e-06,5.32805,1.27159e-06,5.32286,1.27159e-06,5.32805,1.27159e-06,5.33325,1.27159e-06,5.33325,1.27159e-06,5.31767,1.27159e-06,5.33325,1.27159e-06,5.33325,1.27159e-06,5.2512,1.27159e-06,5.35942,1.27159e-06,5.70068,1.27159e-06,5.24616,1.27159e-06,5.32805,1.27159e-06,5.34369,1.27159e-06,5.32805,1.27159e-06,5.32805,1.27159e-06,5.30734,1.27159e-06,5.32805,2.16169e-05,5.33847,0.000963862,5.32805,0.0171194,5.30734,0.152673,5.34892,0.592584,5.34892,1.48444,5.34369,2.42722,5.32805,3.08023
47,5.43949,1.5568,5.42329,0.612797,5.33325,0.183862,5.3125,0.0225083,5.35417,0.00148394,5.30218,8.77394e-05,5.32286,2.54317e-06,5.33325,1.27159e-06,5.31767,1.27159e-06,5.3125,1.27159e-06,5.31767,1.27159e-06,5.31767,1.27159e-06,5.35942,1.27159e-06,5.33325,1.27159e-06,5.34369,1.27159e-06,5.30218,1.27159e-06,5.34369,1.27159e-06,5.64762,1.27159e-06,5.25626,1.27159e-06,5.32286,1.27159e-06,5.33325,1.27159e-06,5.3125,1.27159e-06,5.32286,1.27159e-06,5.33847,1.27159e-06,5.32805,2.54317e-06,5.3125,0.000172936,5.3125,0.00409832,5.33847,0.0487449,5.32286,0.326532,5.34369,1.00835,5.36469,2.11594,5.32805,2.83996,5.34892
45,2.02569,5.42329,0.97592,5.36996,0.348962,5.32286,0.0594326,5.33847,0.0049897,5.32286,0.000366217,5.30734,7.62951e-06,5.3125,1.27159e-06,5.32286,1.27159e-06,5.30734,1.27159e-06,5.31767,1.27159e-06,5.34369,1.27159e-06,5.31767,1.27159e-06,5.33325,1.27159e-06,5.31767,1.27159e-06,5.33325,1.27159e-06,5.25626,1.27159e-06,5.35942,1.27159e-06,5.54442,1.27159e-06,5.2361,1.27159e-06,5.29704,1.27159e-06,5.32805,1.27159e-06,5.32805,1.27159e-06,5.34892,1.27159e-06,5.32805,1.27159e-06,5.33325,8.9011e-06,5.3125,0.00072989,5.32805,0.0132512,5.33325,0.119954,5.30218,0.610059,5.34369,1.39996,5.37525,2.34691,5.34369,3.11182
43,5.46672,1.89495,5.37525,0.668779,5.34369,0.139289,5.31767,0.0165688,5.32805,0.00105669,5.31767,5.34066e-05,5.32286,1.27159e-06,5.31767,1.27159e-06,5.34369,1.27159e-06,5.31767,1.27159e-06,5.33325,1.27159e-06,5.33325,1.27159e-06,5.35417,1.27159e-06,5.35942,1.27159e-06,5.32805,1.27159e-06,5.33325,1.27159e-06,5.30734,1.27159e-06,5.65933,1.27159e-06,5.32805,1.27159e-06,5.28167,1.27159e-06,5.31767,1.27159e-06,5.32805,1.27159e-06,5.33325,1.27159e-06,5.32805,1.27159e-06,5.34892,1.27159e-06,5.29704,6.7394e-05,5.34369,0.00260421,5.31767,0.0372384,5.34369,0.253258,5.32805,0.795405,5.32805,2.01003,5.33325,2.59565,5.34892
41,1.8989,5.42329,0.859363,5.32286,0.262762,5.3125,0.0422637,5.32286,0.00386435,5.34369,0.000231428,5.32805,7.62951e-06,5.32286,1.27159e-06,5.33847,1.27159e-06,5.35417,1.27159e-06,5.33325,1.27159e-06,5.33847,1.27159e-06,5.34892,1.27159e-06,5.31767,1.27159e-06,5.33325,1.27159e-06,5.33325,1.27159e-06,5.27148,1.27159e-06,5.54442,1.27159e-06,5.6652,1.27159e-06,5.29704,1.27159e-06,5.33325,1.27159e-06,5.33325,1.27159e-06,5.3125,1.27159e-06,5.33325,1.27159e-06,5.30734,1.27159e-06,5.3125,5.08634e-06,5.32805,0.000364945,5.32286,0.0090575,5.33325,0.0966285,5.33325,0.516089,5.34369,1.17119,5.35417,2.49943,5.31767,3.35458
39,5.49422,1.31185,5.38585,0.476923,5.32805,0.103484,5.31767,0.0124488,5.30734,0.000701915,5.33847,2.28885e-05,5.32286,1.27159e-06,5.32805,1.27159e-06,5.33847,1.27159e-06,5.33325,1.27159e-06,5.32286,1.27159e-06,5.34892,1.27159e-06,5.32805,1.27159e-06,5.32286,1.27159e-06,5.32805,1.27159e-06,5.29191,1.27159e-06,5.36469,1.27159e-06,5.75474,1.27159e-06,5.3125,1.27159e-06,5.28167,1.27159e-06,5.32805,1.27159e-06,5.33847,1.27159e-06,5.32286,1.27159e-06,5.35417,1.27159e-06,5.30734,1.27159e-06,5.30218,5.2135e-05,5.32805,0.00179548,5.30218,0.0264146,5.33325,0.211553,5.35942,0.7539,5.32805,1.68349,5.36996,2.76799,5.32286
37,1.97514,5.47219,1.10776,5.33847,0.225504,5.32805,0.0322995,5.32805,0.0027072,5.33847,0.000120801,5.32286,1.27159e-06,5.31767,1.27159e-06,5.33847,1.27159e-06,5.31767,1.27159e-06,5.28679,1.27159e-06,5.3125,1.27159e-06,5.32286,1.27159e-06,5.32805,1.27159e-06,5.31767,1.27159e-06,5.32805,1.27159e-06,5.29191,1.27159e-06,5.55005,1.27159e-06,5.52758,1.27159e-06,5.25626,1.27159e-06,5.32805,1.27159e-06,5.32805,1.27159e-06,5.32286,1.27159e-06,5.36469,1.27159e-06,5.33325,1.27159e-06,5.32805,7.62951e-06,5.32286,0.000293736,5.31767,0.00640243,5.32286,0.0687292,5.33325,0.423583,5.34369,1.21604,5.34369,2.2465,5.3125,3.42828
35,5.47219,1.34979,5.39649,0.392106,5.33325,0.0768165,5.3125,0.007997,5.32286,0.000570942,5.3125,2.92465e-05,5.33325,1.27159e-06,5.32286,1.27159e-06,5.33847,1.27159e-06,5.33847,1.27159e-06,5.33325,1.27159e-06,5.34369,1.27159e-06,5.32286,1.27159e-06,5.3125,1.27159e-06,5.33847,1.27159e-06,5.27657,1.27159e-06,5.30734,1.27159e-06,5.60128,1.27159e-06,5.41791,1.27159e-06,5.30734,1.27159e-06,5.3125,1.27159e-06,5.31767,1.27159e-06,5.31767,1.27159e-06,5.33325,1.27159e-06,5.32805,1.27159e-06,5.30734,1.65306e-05,5.30218,0.00110755,5.32805,0.0202462,5.32286,0.169889,5.32286,0.709622,5.35942,1.66654,5.32286,2.71975,5.33847
33,1.77602,5.40183,0.736018,5.34892,0.190573,5.32805,0.0256174,5.32805,0.00190992,5.32286,0.000100455,5.33325,1.27159e-06,5.32805,1.27159e-06,5.33325,1.27159e-06,5.32286,1.27159e-06,5.31767,1.27159e-06,5.32286,1.27159e-06,5.31767,1.27159e-06,5.33325,1.27159e-06,5.3125,1.27159e-06,5.3125,1.27159e-06,5.28679,1.27159e-06,5.48318,1.27159e-06,5.63015,1.27159e-06,5.1913,1.27159e-06,5.32805,1.27159e-06,5.32805,1.27159e-06,5.32286,1.27159e-06,5.30734,1.27159e-06,5.37525,1.27159e-06,5.33325,3.81476e-06,5.30734,0.00016022,5.34369,0.00413265,5.33325,0.0548524,5.33847,0.329786,5.33847,1.00409,5.33325,2.49372,5.33325,3.37114
31,5.47219,1.05044,5.34369,0.311129,5.30218,0.0618474,5.3125,0.00651815,5.32805,0.000342056,5.35942,1.01727e-05,5.32805,1.27159e-06,5.3125,1.27159e-06,5.35417,1.27159e-06,5.32286,1.27159e-06,5.33325,1.27159e-06,5.33847,1.27159e-06,5.32805,1.27159e-06,5.31767,1.27159e-06,5.33847,1.27159e-06,5.3125,1.27159e-06,5.3125,1.27159e-06,5.63596,1.27159e-06,5.32286,1.27159e-06,5.32286,1.27159e-06,5.30218,1.27159e-06,5.35417,1.27159e-06,5.33847,1.27159e-06,5.31767,1.27159e-06,5.36469,1.27159e-06,5.32805,1.5259e-05,5.32805,0.000733705,5.34369,0.0144846,5.32805,0.134683,5.33325,0.644243,5.35942,1.53881,5.32286,3.16228,5.34369
29,1.59873,5.43408,0.886711,5.38585,0.130216,5.32805,0.0158999,5.34369,0.00122581,5.32286,6.35793e-05,5.30734,1.27159e-06,5.32286,1.27159e-06,5.33325,1.27159e-06,5.36996,1.27159e-06,5.32805,1.27159e-06,5.32805,1.27159e-06,5.33325,1.27159e-06,5.27657,1.27159e-06,5.30734,1.27159e-06,5.32805,1.27159e-06,5.27657,1.27159e-06,5.49422,1.27159e-06,5.50529,1.27159e-06,5.29191,1.27159e-06,5.30734,1.27159e-06,5.32286,1.27159e-06,5.32286,1.27159e-06,5.32805,1.27159e-06,5.35417,1.27159e-06,5.36996,1.27159e-06,5.33325,9.15541e-05,5.32805,0.00291702,5.32805,0.0410608,5.33325,0.29077,5.33325,1.0252,5.33847,2.16716,5.30734,3.71767
27,5.60703,1.1478,5.42868,0.311751,5.3125,0.0485046,5.32805,0.00446962,5.33847,0.000223799,5.32805,2.54317e-06,5.32286,1.27159e-06,5.32805,1.27159e-06,5.32286,1.27159e-06,5.33847,1.27159e-06,5.31767,1.27159e-06,5.33325,1.27159e-06,5.3125,1.27159e-06,5.29704,1.27159e-06,5.31767,1.27159e-06,5.30734,1.27159e-06,5.29704,1.27159e-06,5.67698,1.27159e-06,5.31767,1.27159e-06,5.29191,1.27159e-06,5.34892,1.27159e-06,5.31767,1.27159e-06,5.32805,1.27159e-06,5.33325,1.27159e-06,5.34369,1.27159e-06,5.33847,1.01727e-05,5.32286,0.000478116,5.31767,0.0104829,5.33325,0.108453,5.33325,0.495756,5.33847,1.47721,5.32286,2.9409,5.31767
25,1.54797,5.44492,0.785904,5.31767,0.122422,5.32805,0.0124603,5.35417,0.000799827,5.31767,3.81476e-05,5.32805,1.27159e-06,5.3125,1.27159e-06,5.31767,1.27159e-06,5.31767,1.27159e-06,5.32286,1.27159e-06,5.32805,1.27159e-06,5.3125,1.27159e-06,5.33325,1.27159e-06,5.33847,1.27159e-06,5.32805,1.27159e-06,5.27657,1.27159e-06,5.51085,1.27159e-06,5.46125,1.27159e-06,5.32805,1.27159e-06,5.32286,1.27159e-06,5.34369,1.27159e-06,5.32805,1.27159e-06,5.35942,1.27159e-06,5.33325,1.27159e-06,5.35942,1.27159e-06,5.32805,4.19623e-05,5.32805,0.00185779,5.32805,0.0303222,5.34369,0.235693,5.33325,0.868934,5.33847,1.95674,5.34892,3.65546
23,5.52199,0.870457,5.35942,0.271582,5.32805,0.0353742,5.33847,0.00280003,5.34369,0.000133516,5.35417,2.54317e-06,5.32805,1.27159e-06,5.34369,1.27159e-06,5.32805,1.27159e-06,5.3125,1.27159e-06,5.32805,1.27159e-06,5.3125,1.27159e-06,5.32805,1.27159e-06,5.28679,1.27159e-06,5.34369,1.27159e-06,5.33325,1.27159e-06,5.31767,1.27159e-06,5.53879,1.27159e-06,5.26132,1.27159e-06,5.32286,1.27159e-06,5.3125,1.27159e-06,5.32286,1.27159e-06,5.32805,1.27159e-06,5.33325,1.27159e-06,5.31767,1.27159e-06,5.3125,5.08634e-06,5.33847,0.000235243,5.29704,0.00704331,5.33325,0.0775781,5.33847,0.500023,5.30734,1.3128,5.35417,2.92671,5.35417
21,1.4893,5.53879,0.625788,5.35417,0.0850357,5.33847,0.00949874,5.32286,0.000549325,5.35417,2.67033e-05,5.32286,1.27159e-06,5.3125,1.27159e-06,5.32805,1.27159e-06,5.32805,1.27159e-06,5.3125,1.27159e-06,5.3125,1.27159e-06,5.3125,1.27159e-06,5.33847,1.27159e-06,5.33325,1.27159e-06,5.32805,1.27159e-06,5.26639,1.27159e-06,5.39649,1.27159e-06,5.51641,1.27159e-06,5.26132,1.27159e-06,5.31767,1.27159e-06,5.30218,1.27159e-06,5.36996,1.27159e-06,5.32805,1.27159e-06,5.32805,1.27159e-06,5.32805,1.27159e-06,5.32805,2.28885e-05,5.30218,0.00138221,5.33325,0.0220099,5.33325,0.189036,5.33325,0.876746,5.33847,2.22002,5.30734,3.58115
19,5.60703,1.0052,5.37525,0.193127,5.32286,0.0257471,5.28679,0.00191882,5.34369,9.79121e-05,5.31767,2.54317e-06,5.31767,1.27159e-06,5.32805,1.27159e-06,5.36996,1.27159e-06,5.37525,1.27159e-06,5.34369,1.27159e-06,5.31767,1.27159e-06,5.33847,1.27159e-06,5.34369,1.27159e-06,5.32805,1.27159e-06,5.32805,1.27159e-06,5.22608,1.27159e-06,5.51085,1.27159e-06,5.55005,1.27159e-06,5.28167,1.27159e-06,5.33325,1.27159e-06,5.32805,1.27159e-06,5.29704,1.27159e-06,5.34369,1.27159e-06,5.30734,1.27159e-06,5.33847,2.54317e-06,5.31767,0.00012843,5.31767,0.00461331,5.33847,0.0592075,5.36996,0.355527,5.35417,1.57794,5.34892,3.34021,5.33847
17,1.59267,5.55005,0.42636,5.34369,0.0708832,5.32286,0.0062829,5.33325,0.00039292,5.36469,1.39874e-05,5.32286,1.27159e-06,5.3125,1.27159e-06,5.32805,1.27159e-06,5.3125,1.27159e-06,5.34369,1.27159e-06,5.33325,1.27159e-06,5.28679,1.27159e-06,5.33325,1.27159e-06,5.30734,1.27159e-06,5.33325,1.27159e-06,5.21609,1.27159e-06,5.32286,1.27159e-06,5.65347,1.27159e-06,5.24616,1.27159e-06,5.32286,1.27159e-06,5.33325,1.27159e-06,5.33847,1.27159e-06,5.33325,1.27159e-06,5.31767,1.27159e-06,5.32805,1.27159e-06,5.30734,1.01727e-05,5.3125,0.000821444,5.32286,0.0158096,5.32286,0.147502,5.33325,0.712399,5.32805,1.94558,5.3125,3.80575
15,5.56135,0.830861,5.41254,0.189864,5.33847,0.0197731,5.33847,0.00144198,5.32805,6.7394e-05,5.33325,1.27159e-06,5.36996,1.27159e-06,5.32286,1.27159e-06,5.32286,1.27159e-06,5.33325,1.27159e-06,5.31767,1.27159e-06,5.31767,1.27159e-06,5.35417,1.27159e-06,5.32286,1.27159e-06,5.31767,1.27159e-06,5.28167,1.27159e-06,5.22608,1.27159e-06,5.6128,1.27159e-06,5.26132,1.27159e-06,5.30218,1.27159e-06,5.31767,1.27159e-06,5.37525,1.27159e-06,5.33847,1.27159e-06,5.33847,1.27159e-06,5.31767,1.27159e-06,5.3125,1.27159e-06,5.32286,0.000102998,5.31767,0.0033341,5.35417,0.0474174,5.3125,0.351093,5.32805,1.40899,5.33847,3.46526,5.32805
13,1.37528,5.46672,0.372731,5.39116,0.0568983,5.33847,0.00462984,5.30218,0.000218713,5.33847,8.9011e-06,5.33325,1.27159e-06,5.34369,1.27159e-06,5.31767,1.27159e-06,5.33325,1.27159e-06,5.32805,1.27159e-06,5.32805,1.27159e-06,5.32286,1.27159e-06,5.31767,1.27159e-06,5.28167,1.27159e-06,5.31767,1.27159e-06,5.27657,1.27159e-06,5.31767,1.27159e-06,5.32805,1.27159e-06,5.24112,1.27159e-06,5.32805,1.27159e-06,5.31767,1.27159e-06,5.32805,1.27159e-06,5.3125,1.27159e-06,5.34369,1.27159e-06,5.34892,1.27159e-06,5.32286,1.39874e-05,5.32286,0.000450141,5.36996,0.0113171,5.31767,0.124803,5.33325,0.614176,5.32805,2.25671,5.38054,3.76119
11,5.67698,1.0547,5.41254,0.134772,5.32805,0.0147339,5.32805,0.000891381,5.32805,3.6876e-05,5.32286,1.27159e-06,5.33847,1.27159e-06,5.3125,1.27159e-06,5.3125,1.27159e-06,5.32286,1.27159e-06,5.30734,1.27159e-06,5.3125,1.27159e-06,5.31767,1.27159e-06,5.32286,1.27159e-06,5.33847,1.27159e-06,5.24112,1.27159e-06,5.2512,1.27159e-06,5.59554,1.27159e-06,5.25626,1.27159e-06,5.29704,1.27159e-06,5.32286,1.27159e-06,5.33847,1.27159e-06,5.30734,1.27159e-06,5.30734,1.27159e-06,5.32286,1.27159e-06,5.33325,1.27159e-06,5.3125,4.19623e-05,5.33847,0.002121,5.32286,0.036895,5.35417,0.285511,5.37525,1.25864,5.34369,3.48962,5.35417
9,1.43566,5.43408,0.289123,5.33325,0.0451553,5.34369,0.00333282,5.33325,0.000175479,5.34369,5.08634e-06,5.32286,1.27159e-06,5.31767,1.27159e-06,5.32286,1.27159e-06,5.33325,1.27159e-06,5.3125,1.27159e-06,5.32805,1.27159e-06,5.33847,1.27159e-06,5.32286,1.27159e-06,5.3125,1.27159e-06,5.35942,1.27159e-06,5.28679,1.27159e-06,5.41791,1.27159e-06,5.53879,1.27159e-06,5.2361,1.27159e-06,5.29191,1.27159e-06,5.31767,1.27159e-06,5.32805,1.27159e-06,5.31767,1.27159e-06,5.32286,1.27159e-06,5.33847,1.27159e-06,5.31767,1.39874e-05,5.34369,0.000339513,5.3125,0.00850309,5.30734,0.101316,5.33325,0.57144,5.33325,2.40584,5.31767,3.9517
7,5.60128,0.578952,5.46125,0.121629,5.32286,0.0105834,5.35417,0.000549325,5.32805,2.79749e-05,5.33325,1.27159e-06,5.31767,1.27159e-06,5.32805,1.27159e-06,5.32286,1.27159e-06,5.33325,1.27159e-06,5.33325,1.27159e-06,5.32805,1.27159e-06,5.35417,1.27159e-06,5.31767,1.27159e-06,5.32805,1.27159e-06,5.26132,1.27159e-06,5.29191,1.27159e-06,5.64762,1.27159e-06,5.26132,1.27159e-06,5.32805,1.27159e-06,5.28167,1.27159e-06,5.36469,1.27159e-06,5.33847,1.27159e-06,5.3125,1.27159e-06,5.33325,1.27159e-06,5.32805,1.27159e-06,5.3125,3.43328e-05,5.33325,0.00156914,5.32805,0.0294715,5.33325,0.272735,5.32805,1.2754,5.34369,3.3341,5.33847
5,1.23418,5.46125,0.360217,5.29191,0.0367157,5.33847,0.0024478,5.35942,9.28257e-05,5.34892,1.27159e-06,5.33325,1.27159e-06,5.33325,1.27159e-06,5.32805,1.27159e-06,5.32286,1.27159e-06,5.33325,1.27159e-06,5.3125,1.27159e-06,5.31767,1.27159e-06,5.33325,1.27159e-06,5.34369,1.27159e-06,5.33847,1.27159e-06,5.24616,1.27159e-06,5.33325,1.27159e-06,5.63596,1.27159e-06,5.23108,1.27159e-06,5.33847,1.27159e-06,5.31767,1.27159e-06,5.34369,1.27159e-06,5.35417,1.27159e-06,5.32805,1.27159e-06,5.32805,1.27159e-06,5.31767,6.35793e-06,5.32805,0.00020091,5.31767,0.00638336,5.33325,0.0877591,5.31767,0.679767,5.33847,2.24558,5.33847,3.89255
3,5.56135,0.615144,5.37525,0.102309,5.34892,0.00874469,5.30734,0.000406907,5.31767,1.01727e-05,5.34892,1.27159e-06,5.30218,1.27159e-06,5.32286,1.27159e-06,5.30734,1.27159e-06,5.32805,1.27159e-06,5.33325,1.27159e-06,5.30218,1.27159e-06,5.31767,1.27159e-06,5.33847,1.27159e-06,5.33325,1.27159e-06,5.28679,1.27159e-06,5.23108,1.27159e-06,5.50529,1.27159e-06,5.3125,1.27159e-06,5.2512,1.27159e-06,5.32286,1.27159e-06,5.30734,1.27159e-06,5.3125,1.27159e-06,5.36469,1.27159e-06,5.33325,1.27159e-06,5.32805,1.27159e-06,5.32286,2.16169e-05,5.30734,0.00111391,5.34369,0.0255538,5.33847,0.273692,5.34369,1.09576,5.35417,3.24495,5.35417
1,1.65543,5.45035,0.282981,5.37525,0.0295809,5.31767,0.00188576,5.32286,6.10361e-05,5.32805,1.27159e-06,5.32805,1.27159e-06,5.34369,1.27159e-06,5.32805,1.27159e-06,5.33847,1.27159e-06,5.30734,1.27159e-06,5.31767,1.27159e-06,5.32805,1.27159e-06,5.33325,1.27159e-06,5.3125,1.27159e-06,5.30734,1.27159e-06,5.3125,1.27159e-06,5.28679,1.27159e-06,5.6888,1.27159e-06,5.27148,1.27159e-06,5.3125,1.27159e-06,5.31767,1.27159e-06,5.34369,1.27159e-06,5.32286,1.27159e-06,5.32805,1.27159e-06,5.34892,1.27159e-06,5.3125,1.27159e-06,5.32286,0.000130973,5.32286,0.00532667,5.33847,0.0866851,5.34369,0.599215,5.31767,1.97157,5.36469,3.77941
-1,5.5727,0.585971,5.43408,0.0934649,5.3125,0.00755194,5.33325,0.000321711,5.27657,6.35793e-06,5.30218,1.27159e-06,5.3125,1.27159e-06,5.33325,1.27159e-06,5.33847,1.27159e-06,5.31767,1.27159e-06,5.33325,1.27159e-06,5.33847,1.27159e-06,5.32805,1.27159e-06,5.32805,1.27159e-06,5.34892,1.27159e-06,5.32286,1.27159e-06,5.23108,1.27159e-06,5.64762,1.27159e-06,5.34369,1.27159e-06,5.24616,1.27159e-06,5.33325,1.27159e-06,5.33325,1.27159e-06,5.31767,1.27159e-06,5.31767,1.27159e-06,5.33847,1.27159e-06,5.33847,1.27159e-06,5.32805,1.90738e-05,5.32805,0.000958775,5.34369,0.0240508,5.32805,0.2746,5.32286,1.58389,5.30218,2.94407,5.32805
-3,1.44516,5.46125,0.305234,5.38585,0.0295529,5.32805,0.00147377,5.31767,4.32339e-05,5.34369,1.27159e-06,5.32286,1.27159e-06,5.32286,1.27159e-06,5.33847,1.27159e-06,5.33325,1.27159e-06,5.32805,1.27159e-06,5.33847,1.27159e-06,5.35417,1.27159e-06,5.32805,1.27159e-06,5.33847,1.27159e-06,5.31767,1.27159e-06,5.2361,1.27159e-06,5.38585,1.27159e-06,5.41254,1.27159e-06,5.29191,1.27159e-06,5.31767,1.27159e-06,5.32286,1.27159e-06,5.32286,1.27159e-06,5.33847,1.27159e-06,5.33325,1.27159e-06,5.37525,1.27159e-06,5.33325,1.27159e-06,5.32805,0.000114443,5.36469,0.00491468,5.34369,0.0844689,5.32286,0.61081,5.33847,2.11758,5.3125,3.90089
-5,5.65933,0.595946,5.48318,0.101557,5.34369,0.00758246,5.33325,0.000292465,5.32286,8.9011e-06,5.31767,1.27159e-06,5.3125,1.27159e-06,5.34892,1.27159e-06,5.3125,1.27159e-06,5.34892,1.27159e-06,5.33847,1.27159e-06,5.32805,1.27159e-06,5.32805,1.27159e-06,5.32805,1.27159e-06,5.34892,1.27159e-06,5.30734,1.27159e-06,5.24616,1.27159e-06,5.63015,1.27159e-06,5.34892,1.27159e-06,5.32805,1.27159e-06,5.33847,1.27159e-06,5.32286,1.27159e-06,5.33847,1.27159e-06,5.34369,1.27159e-06,5.33325,1.27159e-06,5.31767,1.27159e-06,5.32286,1.01727e-05,5.31767,0.000885023,5.33325,0.0231505,5.31767,0.265096,5.33325,1.55105,5.33325,2.98266,5.32805
-7,1.20985,5.59554,0.30176,5.35417,0.0306694,5.28167,0.00145978,5.35942,3.94191e-05,5.35417,1.27159e-06,5.31767,1.27159e-06,5.34892,1.27159e-06,5.32805,1.27159e-06,5.33325,1.27159e-06,5.3125,1.27159e-06,5.32805,1.27159e-06,5.32805,1.27159e-06,5.34892,1.27159e-06,5.33325,1.27159e-06,5.32286,1.27159e-06,5.25626,1.27159e-06,5.48869,1.27159e-06,5.5557,1.27159e-06,5.29191,1.27159e-06,5.29704,1.27159e-06,5.32286,1.27159e-06,5.32286,1.27159e-06,5.35942,1.27159e-06,5.32286,1.27159e-06,5.32805,1.27159e-06,5.30734,1.27159e-06,5.32286,0.000148775,5.32286,0.00554665,5.32286,0.0930557,5.32805,0.70034,5.34369,1.95533,5.32805,3.94314
-9,5.67108,0.916163,5.43949,0.107651,5.35942,0.00792198,5.33325,0.000236515,5.33847,6.35793e-06,5.31767,1.27159e-06,5.32286,1.27159e-06,5.33325,1.27159e-06,5.33847,1.27159e-06,5.32286,1.27159e-06,5.32805,1.27159e-06,5.3125,1.27159e-06,5.32286,1.27159e-06,5.32805,1.27159e-06,5.32286,1.27159e-06,5.28679,1.27159e-06,5.33847,1.27159e-06,5.64179,1.27159e-06,5.28167,1.27159e-06,5.28679,1.27159e-06,5.34892,1.27159e-06,5.31767,1.27159e-06,5.3125,1.27159e-06,5.33325,1.27159e-06,5.32805,1.27159e-06,5.3125,1.27159e-06,5.31767,1.01727e-05,5.32286,0.00113934,5.30734,0.0293189,5.30734,0.320064,5.32805,1.59639,5.35417,2.97454,5.32805
-11,1.75772,5.53879,0.274711,5.37525,0.0344638,5.32805,0.0016467,5.36469,2.79749e-05,5.33847,1.27159e-06,5.33847,1.27159e-06,5.32805,1.27159e-06,5.33325,1.27159e-06,5.33325,1.27159e-06,5.37525,1.27159e-06,5.33325,1.27159e-06,5.32286,1.27159e-06,5.38054,1.27159e-06,5.33847,1.27159e-06,5.32286,1.27159e-06,5.24616,1.27159e-06,5.5841,1.27159e-06,5.56702,1.27159e-06,5.25626,1.27159e-06,5.32805,1.27159e-06,5.3125,1.27159e-06,5.34369,1.27159e-06,5.32805,1.27159e-06,5.3125,1.27159e-06,5.3125,1.27159e-06,5.33847,1.27159e-06,5.3125,0.000198367,5.31767,0.00690598,5.31767,0.110823,5.30218,0.725073,5.33325,2.63829,5.32805,4.03044
-13,5.63596,0.582099,5.45035,0.117798,5.32805,0.00992981,5.34892,0.000370031,5.33325,1.27159e-06,5.3125,1.27159e-06,5.32805,1.27159e-06,5.32286,1.27159e-06,5.33325,1.27159e-06,5.32286,1.27159e-06,5.36469,1.27159e-06,5.31767,1.27159e-06,5.33325,1.27159e-06,5.30734,1.27159e-06,5.31767,1.27159e-06,5.30734,1.27159e-06,5.38054,1.27159e-06,5.60703,1.27159e-06,5.35942,1.27159e-06,5.30734,1.27159e-06,5.3125,1.27159e-06,5.35942,1.27159e-06,5.33325,1.27159e-06,5.32286,1.27159e-06,5.31767,1.27159e-06,5.32286,1.27159e-06,5.36996,3.30612e-05,5.32805,0.00166323,5.32805,0.0365937,5.32805,0.313991,5.35417,1.67677,5.34892,3.23534,5.35417
-15,1.79351,5.56135,0.308023,5.40718,0.0408891,5.32286,0.00213245,5.32805,5.97645e-05,5.32286,1.27159e-06,5.33325,1.27159e-06,5.33847,1.27159e-06,5.33325,1.27159e-06,5.34892,1.27159e-06,5.3125,1.27159e-06,5.3125,1.27159e-06,5.30734,1.27159e-06,5.32286,1.27159e-06,5.32805,1.27159e-06,5.35417,1.27159e-06,5.29191,1.27159e-06,5.42868,1.27159e-06,5.32805,1.27159e-06,5.24112,1.27159e-06,5.32805,1.27159e-06,5.35417,1.27159e-06,5.32286,1.27159e-06,5.32805,1.27159e-06,5.3125,1.27159e-06,5.32286,1.27159e-06,5.33325,3.81476e-06,5.32286,0.00030518,5.34892,0.00977468,5.32805,0.147112,5.32805,0.736514,5.34369,2.33887,5.32805,4.39007
-17,5.67698,1.00409,5.43408,0.138375,5.36469,0.0130045,5.32286,0.000403092,5.33325,5.08634e-06,5.32805,1.27159e-06,5.31767,1.27159e-06,5.32286,1.27159e-06,5.31767,1.27159e-06,5.32805,1.27159e-06,5.32286,1.27159e-06,5.3125,1.27159e-06,5.30218,1.27159e-06,5.3125,1.27159e-06,5.33325,1.27159e-06,5.25626,1.27159e-06,5.29191,1.27159e-06,5.62436,1.27159e-06,5.34369,1.27159e-06,5.30734,1.27159e-06,5.32805,1.27159e-06,5.3125,1.27159e-06,5.32805,1.27159e-06,5.32286,1.27159e-06,5.33325,1.27159e-06,5.35417,1.27159e-06,5.31767,3.81476e-05,5.32805,0.00255334,5.33325,0.0499797,5.35417,0.381799,5.31767,1.74816,5.33325,3.59293,5.32805
-19,1.16395,5.55005,0.404537,5.35417,0.051325,5.33325,0.00315607,5.3125,8.13815e-05,5.31767,1.27159e-06,5.33325,1.27159e-06,5.33847,1.27159e-06,5.28679,1.27159e-06,5.31767,1.27159e-06,5.32805,1.27159e-06,5.3125,1.27159e-06,5.33325,1.27159e-06,5.35417,1.27159e-06,5.33325,1.27159e-06,5.3125,1.27159e-06,5.26639,1.27159e-06,5.48869,1.27159e-06,5.70664,1.27159e-06,5.26132,1.27159e-06,5.33847,1.27159e-06,5.32805,1.27159e-06,5.35417,1.27159e-06,5.32286,1.27159e-06,5.34892,1.27159e-06,5.33325,1.27159e-06,5.33325,1.01727e-05,5.32286,0.000539152,5.32805,0.0162229,5.32805,0.171178,5.32805,0.919248,5.33847,2.13999,5.34369,3.98341
-21,5.60128,1.07845,5.49422,0.173005,5.33847,0.0151191,5.28167,0.000672669,5.37525,2.54317e-06,5.31767,1.27159e-06,5.33847,1.27159e-06,5.30218,1.27159e-06,5.3125,1.27159e-06,5.33325,1.27159e-06,5.32286,1.27159e-06,5.33325,1.27159e-06,5.3125,1.27159e-06,5.34369,1.27159e-06,5.30218,1.27159e-06,5.29704,1.27159e-06,5.26639,1.27159e-06,5.64762,1.27159e-06,5.34369,1.27159e-06,5.22108,1.27159e-06,5.32286,1.27159e-06,5.32805,1.27159e-06,5.33847,1.27159e-06,5.32286,1.27159e-06,5.30734,1.27159e-06,5.33325,2.54317e-06,5.33325,0.000102998,5.3125,0.00407289,5.33847,0.0674169,5.32286,0.444112,5.30734,1.61099,5.33847,3.12966,5.35942
-23,1.49419,5.49975,0.476674,5.38585,0.0663793,5.34369,0.0042064,5.36996,0.000125887,5.32805,1.27159e-06,5.32286,1.27159e-06,5.33847,1.27159e-06,5.35417,1.27159e-06,5.33847,1.27159e-06,5.32286,1.27159e-06,5.32286,1.27159e-06,5.30734,1.27159e-06,5.34892,1.27159e-06,5.33847,1.27159e-06,5.34892,1.27159e-06,5.34892,1.27159e-06,5.46125,1.27159e-06,5.26132,1.27159e-06,5.27657,1.27159e-06,5.30734,1.27159e-06,5.32286,1.27159e-06,5.34892,1.27159e-06,5.33847,1.27159e-06,5.31767,1.27159e-06,5.33847,1.27159e-06,5.31767,2.41601e-05,5.32286,0.0009308,5.33325,0.0228923,5.32805,0.216099,5.33325,1.09973,5.32286,2.69825,5.35417,4.23681
-25,5.65347,0.898823,5.43408,0.202029,5.3125,0.0212418,5.31767,0.00109356,5.32805,1.5259e-05,5.29191,1.27159e-06,5.3125,1.27159e-06,5.32286,1.27159e-06,5.32286,1.27159e-06,5.33325,1.27159e-06,5.33847,1.27159e-06,5.32286,1.27159e-06,5.3125,1.27159e-06,5.35942,1.27159e-06,5.32286,1.27159e-06,5.32286,1.27159e-06,5.36996,1.27159e-06,5.6128,1.27159e-06,5.34892,1.27159e-06,5.32286,1.27159e-06,5.32805,1.27159e-06,5.33325,1.27159e-06,5.33847,1.27159e-06,5.32286,1.27159e-06,5.33325,1.27159e-06,5.32286,6.35793e-06,5.32286,0.000203454,5.3125,0.00676102,5.34369,0.0886408,5.33847,0.490062,5.32286,1.71414,5.32805,3.0872,5.33847
-27,1.57885,5.51085,0.391375,5.36469,0.079207,5.34892,0.00616337,5.32286,0.000188195,5.34369,1.27159e-06,5.31767,1.27159e-06,5.34369,1.27159e-06,5.35942,1.27159e-06,5.33325,1.27159e-06,5.33847,1.27159e-06,5.35942,1.27159e-06,5.32805,1.27159e-06,5.32805,1.27159e-06,5.32286,1.27159e-06,5.35417,1.27159e-06,5.2361,1.27159e-06,5.42868,1.27159e-06,5.5557,1.27159e-06,5.28167,1.27159e-06,5.34369,1.27159e-06,5.30218,1.27159e-06,5.32286,1.27159e-06,5.32286,1.27159e-06,5.33325,1.27159e-06,5.3125,1.27159e-06,5.33325,3.94191e-05,5.32286,0.00169375,5.32286,0.0326479,5.30734,0.278011,5.31767,0.966251,5.32805,2.25578,5.34892,3.55088
-29,5.67108,0.943058,5.42329,0.231438,5.39116,0.0288485,5.36996,0.00141146,5.32286,2.03454e-05,5.33325,1.27159e-06,5.31767,1.27159e-06,5.33325,1.27159e-06,5.33325,1.27159e-06,5.33847,1.27159e-06,5.30734,1.27159e-06,5.33847,1.27159e-06,5.33847,1.27159e-06,5.31767,1.27159e-06,5.32805,1.27159e-06,5.30734,1.27159e-06,5.40718,1.27159e-06,5.62436,1.27159e-06,5.33325,1.27159e-06,5.26132,1.27159e-06,5.32286,1.27159e-06,5.30734,1.27159e-06,5.34892,1.27159e-06,5.30218,1.27159e-06,5.33325,1.27159e-06,5.28167,6.35793e-06,5.33847,0.000352229,5.32286,0.0105885,5.32805,0.12527,5.32805,0.664305,5.36996,1.5743,5.34892,2.99083,5.3125
-31,1.44861,5.53879,0.495441,5.40183,0.100144,5.33847,0.0090308,5.32805,0.000398006,5.32286,3.81476e-06,5.31767,1.27159e-06,5.33325,1.27159e-06,5.34892,1.27159e-06,5.33847,1.27159e-06,5.33325,1.27159e-06,5.32286,1.27159e-06,5.32805,1.27159e-06,5.34892,1.27159e-06,5.33847,1.27159e-06,5.33325,1.27159e-06,5.30734,1.27159e-06,5.41791,1.27159e-06,5.43408,1.27159e-06,5.29704,1.27159e-06,5.28679,1.27159e-06,5.35417,1.27159e-06,5.37525,1.27159e-06,5.30734,1.27159e-06,5.34369,1.27159e-06,5.33325,1.27159e-06,5.32805,5.72213e-05,5.33325,0.00289286,5.32286,0.0485784,5.33847,0.338577,5.31767,1.16049,5.34892,2.49258,5.33847,3.71261
-33,5.6128,0.87394,5.47768,0.251879,5.35417,0.0375054,5.32286,0.00228377,5.33847,4.83202e-05,5.33325,1.27159e-06,5.31767,1.27159e-06,5.33847,1.27159e-06,5.32805,1.27159e-06,5.32286,1.27159e-06,5.36996,1.27159e-06,5.33325,1.27159e-06,5.32286,1.27159e-06,5.3125,1.27159e-06,5.29704,1.27159e-06,5.37525,1.27159e-06,5.24112,1.27159e-06,5.43408,1.27159e-06,5.51641,1.27159e-06,5.28679,1.27159e-06,5.31767,1.27159e-06,5.34892,1.27159e-06,5.33847,1.27159e-06,5.34369,1.27159e-06,5.34369,1.27159e-06,5.32805,2.54317e-06,5.34369,0.000663767,5.32286,0.0176076,5.33325,0.180932,5.32286,0.78681,5.31767,1.81016,5.34892,3.33817,5.33847
-35,1.56978,5.5557,0.619751,5.42329,0.123407,5.35417,0.0125544,5.3125,0.000518807,5.33847,7.62951e-06,5.31767,1.27159e-06,5.31767,1.27159e-06,5.32286,1.27159e-06,5.33325,1.27159e-06,5.31767,1.27159e-06,5.32286,1.27159e-06,5.33325,1.27159e-06,5.32805,1.27159e-06,5.32286,1.27159e-06,5.3125,1.27159e-06,5.30734,1.27159e-06,5.58982,1.27159e-06,5.26639,1.27159e-06,5.33325,1.27159e-06,5.33847,1.27159e-06,5.32286,1.27159e-06,5.32805,1.27159e-06,5.32805,1.27159e-06,5.3125,1.27159e-06,5.35942,1.27159e-06,5.32286,0.000138603,5.32805,0.00492612,5.32286,0.0722871,5.32805,0.464274,5.32286,1.49214,5.33847,2.61179,5.33325,3.62633
-37,5.6128,1.49664,5.50529,0.358444,5.36996,0.0508214,5.38054,0.00329468,5.34369,0.00010427,5.32286,1.27159e-06,5.29704,1.27159e-06,5.31767,1.27159e-06,5.3125,1.27159e-06,5.32805,1.27159e-06,5.33847,1.27159e-06,5.32286,1.27159e-06,5.32805,1.27159e-06,5.33847,1.27159e-06,5.32286,1.27159e-06,5.31767,1.27159e-06,5.27657,1.27159e-06,5.70664,1.27159e-06,5.26639,1.27159e-06,5.30734,1.27159e-06,5.32286,1.27159e-06,5.35417,1.27159e-06,5.32286,1.27159e-06,5.35417,1.27159e-06,5.3125,1.27159e-06,5.30734,1.01727e-05,5.3125,0.00114443,5.32805,0.0256453,5.29704,0.220114,5.32286,0.912795,5.34369,1.83079,5.3125,2.98266,5.34892
-39,2.04312,5.56135,0.689117,5.44492,0.154969,5.36469,0.0176076,5.32286,0.000642151,5.33847,1.01727e-05,5.32805,1.27159e-06,5.34369,1.27159e-06,5.33325,1.27159e-06,5.3125,1.27159e-06,5.33847,1.27159e-06,5.32286,1.27159e-06,5.32286,1.27159e-06,5.32286,1.27159e-06,5.33325,1.27159e-06,5.32286,1.27159e-06,5.28167,1.27159e-06,5.42329,1.27159e-06,5.60128,1.27159e-06,5.27148,1.27159e-06,5.32286,1.27159e-06,5.32286,1.27159e-06,5.35417,1.27159e-06,5.32286,1.27159e-06,5.33325,1.27159e-06,5.32805,5.08634e-06,5.3125,0.000239058,5.32805,0.00748201,5.3125,0.0938633,5.31767,0.508402,5.33325,1.46179,5.32286,2.45229,5.34892,3.37949
-41,5.5841,1.28289,5.51641,0.449375,5.36996,0.0672465,5.33847,0.00517027,5.32286,0.000113171,5.30734,2.54317e-06,5.34892,1.27159e-06,5.28167,1.27159e-06,5.32286,1.27159e-06,5.28679,1.27159e-06,5.32286,1.27159e-06,5.32286,1.27159e-06,5.35942,1.27159e-06,5.32805,1.27159e-06,5.35417,1.27159e-06,5.32286,1.27159e-06,5.28167,1.27159e-06,5.7669,1.27159e-06,5.28167,1.27159e-06,5.28167,1.27159e-06,5.32805,1.27159e-06,5.31767,1.27159e-06,5.32805,1.27159e-06,5.32286,1.27159e-06,5.32286,1.27159e-06,5.33325,4.32339e-05,5.32286,0.00215025,5.32805,0.0364487,5.32805,0.283908,5.30734,1.12348,5.32805,2.14083,5.3125,2.96003,5.33325
-43,1.71737,5.56702,0.722579,5.40183,0.197129,5.35417,0.0233768,5.33847,0.00108085,5.33325,2.28885e-05,5.32286,1.27159e-06,5.34369,1.27159e-06,5.32805,1.27159e-06,5.33325,1.27159e-06,5.34369,1.27159e-06,5.31767,1.27159e-06,5.33325,1.27159e-06,5.34369,1.27159e-06,5.32805,1.27159e-06,5.31767,1.27159e-06,5.24616,1.27159e-06,5.6128,1.27159e-06,5.6888,1.27159e-06,5.23108,1.27159e-06,5.30218,1.27159e-06,5.32286,1.27159e-06,5.3125,1.27159e-06,5.32286,1.27159e-06,5.32286,1.27159e-06,5.31767,1.27159e-06,5.32286,0.000493375,5.33325,0.0117088,5.31767,0.134504,5.33325,0.576142,5.32286,1.57113,5.35417,2.50401,5.35417,3.45212
-45,5.5784,1.22012,5.55005,0.416889,5.32805,0.0877718,5.33325,0.00645202,5.33847,0.000293736,5.32805,2.54317e-06,5.33847,1.27159e-06,5.32805,1.27159e-06,5.31767,1.27159e-06,5.3125,1.27159e-06,5.32286,1.27159e-06,5.32805,1.27159e-06,5.32805,1.27159e-06,5.30218,1.27159e-06,5.32805,1.27159e-06,5.28679,1.27159e-06,5.24616,1.27159e-06,5.67108,1.27159e-06,5.27148,1.27159e-06,5.28167,1.27159e-06,5.3125,1.27159e-06,5.31767,1.27159e-06,5.34892,1.27159e-06,5.34892,1.27159e-06,5.33325,1.27159e-06,5.33847,0.000127159,5.30734,0.00376008,5.31767,0.055216,5.33325,0.396001,5.32286,1.0892,5.33325,2.16116,5.35417,2.96646,5.31767
-47,1.82406,5.51641,0.838515,5.42329,0.234903,5.35942,0.030841,5.32805,0.00185779,5.31767,4.95918e-05,5.33847,1.27159e-06,5.29704,1.27159e-06,5.32805,1.27159e-06,5.32286,1.27159e-06,5.32286,1.27159e-06,5.31767,1.27159e-06,5.31767,1.27159e-06,5.32286,1.27159e-06,5.37525,1.27159e-06,5.33325,1.27159e-06,5.27148,1.27159e-06,5.33847,1.27159e-06,5.43408,1.27159e-06,5.26132,1.27159e-06,5.32286,1.27159e-06,5.32286,1.27159e-06,5.32286,1.27159e-06,5.31767,1.27159e-06,5.32286,1.27159e-06,5.33325,1.65306e-05,5.34369,0.000905369,5.32805,0.018363,5.32286,0.178677,5.31767,0.787037,5.33847,1.8192,5.34369,2.51092,5.34369,3.35252
-49,5.54442,1.31565,5.49422,0.474355,5.37525,0.106341,5.32805,0.00995651,5.33847,0.000389105,5.31767,2.54317e-06,5.32286,1.27159e-06,5.34892,1.27159e-06,5.31767,1.27159e-06,5.32286,1.27159e-06,5.31767,1.27159e-06,5.32286,1.27159e-06,5.33325,1.27159e-06,5.29704,1.27159e-06,5.33847,1.27159e-06,5.33325,1.27159e-06,5.38054,1.27159e-06,5.6652,1.27159e-06,5.2512,1.27159e-06,5.30218,1.27159e-06,5.32286,1.27159e-06,5.35942,1.27159e-06,5.32805,1.27159e-06,5.34369,1.27159e-06,5.34369,1.27159e-06,5.33325,0.00020854,5.32805,0.00608453,5.32286,0.0805295,5.32286,0.434536,5.33325,1.35852,5.33325,2.34994,5.29704,2.90338,5.29704
-51,1.86837,5.52199,0.829095,5.52199,0.270721,5.33847,0.0404275,5.33847,0.00218713,5.32805,6.23077e-05,5.32805,1.27159e-06,5.30218,1.27159e-06,5.32805,1.27159e-06,5.38054,1.27159e-06,5.32286,1.27159e-06,5.32805,1.27159e-06,5.33325,1.27159e-06,5.3125,1.27159e-06,5.31767,1.27159e-06,5.33847,1.27159e-06,5.25626,1.27159e-06,5.38054,1.27159e-06,5.54442,1.27159e-06,5.26639,1.27159e-06,5.30218,1.27159e-06,5.33325,1.27159e-06,5.3125,1.27159e-06,5.32286,1.27159e-06,5.33847,1.27159e-06,5.3125,3.6876e-05,5.35942,0.00152717,5.34369,0.027072,5.31767,0.235389,5.33325,0.823097,5.33847,1.94975,5.33847,2.53894,5.31767,3.22198
-53,5.50529,1.45207,5.5557,0.583467,5.38585,0.12897,5.34369,0.0135513,5.35942,0.000536609,5.31767,8.9011e-06,5.32805,1.27159e-06,5.33325,1.27159e-06,5.32805,1.27159e-06,5.3125,1.27159e-06,5.33325,1.27159e-06,5.31767,1.27159e-06,5.31767,1.27159e-06,5.33847,1.27159e-06,5.32805,1.27159e-06,5.27148,1.27159e-06,5.24112,1.27159e-06,5.68288,1.27159e-06,5.24616,1.27159e-06,5.27148,1.27159e-06,5.31767,1.27159e-06,5.35942,1.27159e-06,5.32805,1.27159e-06,5.32805,1.27159e-06,5.32286,1.01727e-05,5.30734,0.000321711,5.31767,0.00872562,5.33325,0.103183,5.30734,0.583966,5.33325,1.33396,5.35417,2.25021,5.30734,2.79491,5.32805
-55,2.31802,5.56135,1.23558,5.49975,0.366207,5.33325,0.0563109,5.33325,0.00381094,5.32805,8.01099e-05,5.34369,2.54317e-06,5.34369,1.27159e-06,5.32805,1.27159e-06,5.3125,1.27159e-06,5.32805,1.27159e-06,5.32805,1.27159e-06,5.31767,1.27159e-06,5.32286,1.27159e-06,5.34369,1.27159e-06,5.29704,1.27159e-06,5.25626,1.27159e-06,5.34892,1.27159e-06,5.42329,1.27159e-06,5.25626,1.27159e-06,5.32286,1.27159e-06,5.32805,1.27159e-06,5.30218,1.27159e-06,5.33847,1.27159e-06,5.35942,1.27159e-06,5.34369,8.51962e-05,5.33325,0.00276951,5.34369,0.0422764,5.32286,0.327905,5.29704,1.13445,5.33847,2.07494,5.31767,2.55557,5.32286,3.13325
-57,5.52758,1.54973,5.49975,0.921574,5.38054,0.166041,5.33325,0.0193154,5.3125,0.000808728,5.32286,1.90738e-05,5.3125,1.27159e-06,5.3125,1.27159e-06,5.31767,1.27159e-06,5.33847,1.27159e-06,5.32805,1.27159e-06,5.30734,1.27159e-06,5.33325,1.27159e-06,5.32286,1.27159e-06,5.33325,1.27159e-06,5.29191,1.27159e-06,5.32286,1.27159e-06,5.65933,1.27159e-06,5.25626,1.27159e-06,5.27148,1.27159e-06,5.32286,1.27159e-06,5.33325,1.27159e-06,5.31767,1.27159e-06,5.31767,1.27159e-06,5.32805,1.14443e-05,5.32805,0.00055314,5.3125,0.0139951,5.31767,0.136699,5.32805,0.672154,5.32805,1.60342,5.34369,2.34187,5.33325,2.82089,5.33847
-59,2.03323,5.51085,1.10061,5.42868,0.445671,5.34892,0.0677831,5.33325,0.00523893,5.33847,0.000198367,5.3125,3.81476e-06,5.32805,1.27159e-06,5.32805,1.27159e-06,5.33325,1.27159e-06,5.31767,1.27159e-06,5.31767,1.27159e-06,5.31767,1.27159e-06,5.33847,1.27159e-06,5.31767,1.27159e-06,5.30218,1.27159e-06,5.3125,1.27159e-06,5.44492,1.27159e-06,5.49422,1.27159e-06,5.24616,1.27159e-06,5.3125,1.27159e-06,5.33847,1.27159e-06,5.32286,1.27159e-06,5.32286,1.27159e-06,5.33325,2.54317e-06,5.33847,0.000175479,5.33325,0.00458661,5.32805,0.0611226,5.32805,0.405739,5.31767,1.21985,5.34369,2.07889,5.33847,2.5846,5.34369,3.17515
-61,5.51641,2.06241,5.53318,0.754942,5.42868,0.209388,5.34369,0.0246433,5.32805,0.00121945,5.32286,1.78022e-05,5.30218,1.27159e-06,5.33847,1.27159e-06,5.3125,1.27159e-06,5.30734,1.27159e-06,5.32805,1.27159e-06,5.32286,1.27159e-06,5.33325,1.27159e-06,5.37525,1.27159e-06,5.29191,1.27159e-06,5.29704,1.27159e-06,5.2361,1.27159e-06,5.63596,1.27159e-06,5.28167,1.27159e-06,5.28167,1.27159e-06,5.33325,1.27159e-06,5.31767,1.27159e-06,5.33325,1.27159e-06,5.33325,1.27159e-06,5.32286,2.41601e-05,5.32286,0.00121436,5.32805,0.0226851,5.32286,0.199265,5.32805,0.718302,5.33325,1.80239,5.32805,2.39949,5.31767,2.7596,5.32805
-63,2.14419,5.51641,1.34646,5.45035,0.527148,5.34369,0.0872251,5.31767,0.00779482,5.30734,0.000298823,5.33325,8.9011e-06,5.32286,1.27159e-06,5.30218,1.27159e-06,5.32286,1.27159e-06,5.31767,1.27159e-06,5.35942,1.27159e-06,5.3125,1.27159e-06,5.32805,1.27159e-06,5.32805,1.27159e-06,5.33325,1.27159e-06,5.30218,1.27159e-06,5.37525,1.27159e-06,5.5557,1.27159e-06,5.24616,1.27159e-06,5.32286,1.27159e-06,5.35417,1.27159e-06,5.32286,1.27159e-06,5.33847,1.27159e-06,5.32805,2.54317e-06,5.32805,0.000263218,5.3125,0.00684876,5.32286,0.0823504,5.34369,0.490855,5.33847,1.1125,5.30218,2.05156,5.32286,2.61179,5.33847,3.05781
-65,5.43949,1.84751,5.49422,1.21361,5.43408,0.239623,5.34369,0.0322499,5.32286,0.00238168,5.34369,4.06907e-05,5.32805,1.27159e-06,5.30734,1.27159e-06,5.33325,1.27159e-06,5.33847,1.27159e-06,5.33325,1.27159e-06,5.29704,1.27159e-06,5.30218,1.27159e-06,5.32286,1.27159e-06,5.32286,1.27159e-06,5.29704,1.27159e-06,5.2512,1.27159e-06,5.73059,1.27159e-06,5.2512,1.27159e-06,5.32286,1.27159e-06,5.30734,1.27159e-06,5.32286,1.27159e-06,5.32286,1.27159e-06,5.29704,1.27159e-06,5.31767,4.83202e-05,5.37525,0.00194171,5.36996,0.0336016,5.33325,0.245947,5.35417,0.857608,5.33325,1.92027,5.33847,2.38587,5.33847,2.7708,5.34369
-67,2.21462,5.52758,1.37945,5.47768,0.470879,5.39649,0.109626,5.32805,0.011691,5.33847,0.000488289,5.32286,8.9011e-06,5.34369,1.27159e-06,5.32805,1.27159e-06,5.32805,1.27159e-06,5.33325,1.27159e-06,5.32286,1.27159e-06,5.32805,1.27159e-06,5.33847,1.27159e-06,5.32805,1.27159e-06,5.31767,1.27159e-06,5.2361,1.27159e-06,5.41254,1.27159e-06,5.65933,1.27159e-06,5.1913,1.27159e-06,5.30734,1.27159e-06,5.32286,1.27159e-06,5.32805,1.27159e-06,5.35417,1.27159e-06,5.32286,1.27159e-05,5.32805,0.000456499,5.32805,0.0109293,5.33847,0.11465,5.33847,0.540076,5.32286,1.50905,5.32286,2.25671,5.34369,2.64724,5.32805,2.92515
-69,5.46672,2.13497,5.48318,0.863029,5.46672,0.310545,5.33325,0.0415147,5.33847,0.00304545,5.32805,9.66405e-05,5.30734,1.27159e-06,5.31767,1.27159e-06,5.31767,1.27159e-06,5.3125,1.27159e-06,5.32286,1.27159e-06,5.3125,1.27159e-06,5.33325,1.27159e-06,5.32286,1.27159e-06,5.32805,1.27159e-06,5.31767,1.27159e-06,5.32286,1.27159e-06,5.49422,1.27159e-06,5.27657,1.27159e-06,5.24616,1.27159e-06,5.32286,1.27159e-06,5.30734,1.27159e-06,5.32286,1.27159e-06,5.33847,1.27159e-06,5.33847,0.000116986,5.32805,0.00342438,5.33325,0.05066,5.32805,0.307191,5.31767,1.08337,5.33847,2.01671,5.34369,2.45891,5.33325,2.76799,5.35942
-71,2.39949,5.46672,1.51407,5.49422,0.836973,5.43949,0.150634,5.33325,0.0165421,5.32805,0.000755322,5.33325,1.65306e-05,5.32286,1.27159e-06,5.33325,1.27159e-06,5.33325,1.27159e-06,5.33847,1.27159e-06,5.32286,1.27159e-06,5.33325,1.27159e-06,5.3125,1.27159e-06,5.33847,1.27159e-06,5.32805,1.27159e-06,5.2512,1.27159e-06,5.37525,1.27159e-06,5.56702,1.27159e-06,5.25626,1.27159e-06,5.3125,1.27159e-06,5.37525,1.27159e-06,5.35417,1.27159e-06,5.32286,1.27159e-06,5.29704,3.0518e-05,5.32805,0.000878665,5.33847,0.0175606,5.30218,0.162117,5.34892,0.739706,5.32805,1.39069,5.32805,2.25392,5.33325,2.66402,5.33325,2.93616
-73,5.39116,2.04083,5.48869,1.22642,5.44492,0.350372,5.34369,0.0565766,5.30734,0.00459932,5.3125,0.000161491,5.33847,2.54317e-06,5.31767,1.27159e-06,5.3125,1.27159e-06,5.32805,1.27159e-06,5.32286,1.27159e-06,5.3125,1.27159e-06,5.35942,1.27159e-06,5.35942,1.27159e-06,5.32286,1.27159e-06,5.30218,1.27159e-06,5.33325,1.27159e-06,5.46125,1.27159e-06,5.49422,1.27159e-06,5.37525,1.27159e-06,5.32805,1.27159e-06,5.32286,1.27159e-06,5.33847,1.27159e-06,5.31767,5.08634e-06,5.37525,0.000199639,5.3125,0.00569034,5.34892,0.0696523,5.32805,0.391403,5.33847,1.05308,5.31767,2.07337,5.33847,2.57728,5.34892,2.81363,5.33847
-75,2.46558,5.45579,1.94905,5.49422,0.687555,5.45579,0.171103,5.31767,0.0234595,5.32286,0.00130846,5.33325,2.67033e-05,5.31767,1.27159e-06,5.31767,1.27159e-06,5.32805,1.27159e-06,5.32805,1.27159e-06,5.31767,1.27159e-06,5.33325,1.27159e-06,5.34369,1.27159e-06,5.3125,1.27159e-06,5.29704,1.27159e-06,5.26639,1.27159e-06,5.52758,1.27159e-06,5.54442,1.27159e-06,5.2361,1.27159e-06,5.29704,1.27159e-06,5.34369,1.27159e-06,5.33325,1.27159e-06,5.30734,1.27159e-06,5.3125,4.95918e-05,5.33847,0.0016467,5.36469,0.026482,5.33325,0.208763,5.33325,0.876605,5.30734,1.83387,5.29191,2.39109,5.37525,2.66532,5.33325,2.86079
-77,5.41791,2.06007,5.49422,1.16668,5.42868,0.381692,5.39116,0.074431,5.33325,0.00639989,5.33847,0.000283563,5.32805,5.08634e-06,5.33325,1.27159e-06,5.32286,1.27159e-06,5.3125,1.27159e-06,5.33325,1.27159e-06,5.36469,1.27159e-06,5.33325,1.27159e-06,5.34892,1.27159e-06,5.30734,1.27159e-06,5.30734,1.27159e-06,5.41791,1.27159e-06,5.67108,1.27159e-06,5.24112,1.27159e-06,5.30218,1.27159e-06,5.32805,1.27159e-06,5.27657,1.27159e-06,5.33847,1.27159e-06,5.33847,5.08634e-06,5.33847,0.000410722,5.33325,0.0102859,5.33325,0.105095,5.33847,0.475429,5.34892,1.34348,5.31767,2.21732,5.3125,2.57971,5.33325,2.70225,5.32286
-79,2.55676,5.41791,1.57566,5.46672,1.15435,5.41254,0.229243,5.33325,0.0330866,5.35417,0.00208031,5.32286,5.97645e-05,5.33325,1.27159e-06,5.33847,1.27159e-06,5.32286,1.27159e-06,5.31767,1.27159e-06,5.32286,1.27159e-06,5.3125,1.27159e-06,5.33325,1.27159e-06,5.32286,1.27159e-06,5.33847,1.27159e-06,5.26132,1.27159e-06,5.6652,1.27159e-06,5.51085,1.27159e-06,5.24616,1.27159e-06,5.30734,1.27159e-06,5.33847,1.27159e-06,5.32805,1.27159e-06,5.33325,1.27159e-06,5.32286,8.77394e-05,5.32805,0.0028687,5.35417,0.0435454,5.31767,0.308737,5.33325,1.03218,5.33847,1.76568,5.34369,2.46002,5.32805,2.64595,5.34369,2.82089
-81,5.38585,2.18363,5.47219,1.40609,5.47768,0.585218,5.38585,0.101709,5.32805,0.0094784,5.35417,0.000487017,5.32286,7.62951e-06,5.31767,1.27159e-06,5.32286,1.27159e-06,5.32805,1.27159e-06,5.31767,1.27159e-06,5.35417,1.27159e-06,5.35417,1.27159e-06,5.32805,1.27159e-06,5.32286,1.27159e-06,5.29704,1.27159e-06,5.24112,1.27159e-06,5.7669,1.27159e-06,5.26132,1.27159e-06,5.31767,1.27159e-06,5.3125,1.27159e-06,5.29704,1.27159e-06,5.35417,1.27159e-06,5.31767,1.65306e-05,5.32805,0.00077821,5.31767,0.0154587,5.3125,0.13673,5.3125,0.650614,5.31767,1.55503,5.34369,2.22636,5.32286,2.58337,5.35417,2.69558,5.33325
-83,2.57971,5.43949,1.92569,5.49422,0.86031,5.38054,0.283084,5.33847,0.0410964,5.33847,0.00305943,5.32286,0.000100455,5.3125,1.27159e-06,5.33325,1.27159e-06,5.3125,1.27159e-06,5.33847,1.27159e-06,5.32805,1.27159e-06,5.33847,1.27159e-06,5.33847,1.27159e-06,5.32805,1.27159e-06,5.33847,1.27159e-06,5.29191,1.27159e-06,5.39116,1.27159e-06,5.7126,1.27159e-06,5.21112,1.27159e-06,5.31767,1.27159e-06,5.33325,1.27159e-06,5.33847,1.27159e-06,5.32805,2.54317e-06,5.34369,0.000227614,5.31767,0.00540169,5.33847,0.0615028,5.33847,0.385709,5.31767,1.08509,5.31767,1.73704,5.34892,2.53305,5.31767,2.65367,5.31767,2.76239
-85,5.42868,2.24373,5.49422,1.32651,5.48318,0.562262,5.39116,0.130086,5.3125,0.0133402,5.33325,0.000797284,5.33325,1.01727e-05,5.32805,1.27159e-06,5.35417,1.27159e-06,5.32286,1.27159e-06,5.31767,1.27159e-06,5.3125,1.27159e-06,5.33325,1.27159e-06,5.33847,1.27159e-06,5.3125,1.27159e-06,5.25626,1.27159e-06,5.35417,1.27159e-06,5.72458,1.27159e-06,5.27657,1.27159e-06,5.30218,1.27159e-06,5.33847,1.27159e-06,5.33325,1.27159e-06,5.33847,1.27159e-06,5.3125,5.97645e-05,5.31767,0.00144579,5.32286,0.024609,5.34369,0.195275,5.32805,0.754212,5.32286,1.74036,5.33325,2.355,5.34892,2.6256,5.33325,2.72517,5.31767
-87,2.48465,5.45579,1.85253,5.45579,1.00538,5.40718,0.386145,5.34369,0.0538643,5.31767,0.00480659,5.29704,0.000158948,5.31767,5.08634e-06,5.30734,1.27159e-06,5.31767,1.27159e-06,5.32286,1.27159e-06,5.30218,1.27159e-06,5.34369,1.27159e-06,5.32805,1.27159e-06,5.31767,1.27159e-06,5.33325,1.27159e-06,5.3125,1.27159e-06,5.43408,1.27159e-06,5.41254,1.27159e-06,5.2361,1.27159e-06,5.33325,1.27159e-06,5.32286,1.27159e-06,5.30734,1.27159e-06,5.33847,3.81476e-06,5.33847,0.000303909,5.32286,0.00874469,5.34892,0.0877902,5.3125,0.430698,5.33325,1.37598,5.34892,2.13164,5.34369,2.57971,5.30218,2.67446,5.33847,2.78209
-89,5.38054,2.42614,5.42329,1.71145,5.48869,0.707966,5.37525,0.163056,5.32805,0.019075,5.30734,0.00098675,5.33847,2.67033e-05,5.37525,1.27159e-06,5.32286,1.27159e-06,5.33325,1.27159e-06,5.36469,1.27159e-06,5.32286,1.27159e-06,5.32286,1.27159e-06,5.29191,1.27159e-06,5.33847,1.27159e-06,5.32805,1.27159e-06,5.30218,1.27159e-06,5.46125,1.27159e-06,5.21609,1.27159e-06,5.28167,1.27159e-06,5.33325,1.27159e-06,5.33325,1.27159e-06,5.33325,2.54317e-06,5.36469,8.2653e-05,5.33847,0.00290684,5.32805,0.0395247,5.31767,0.248589,5.34369,0.931795,5.31767,1.78647,5.35417,2.41755,5.32286,2.62686,5.34892,2.68234,5.32805
-91,2.56517,5.39116,2.11349,5.48869,1.02771,5.36996,0.406615,5.34892,0.0713575,5.3125,0.00620788,5.3125,0.000245416,5.35942,6.35793e-06,5.35417,1.27159e-06,5.32805,1.27159e-06,5.35942,1.27159e-06,5.33325,1.27159e-06,5.36469,1.27159e-06,5.33847,1.27159e-06,5.32805,1.27159e-06,5.32805,1.27159e-06,5.24112,1.27159e-06,5.42329,1.27159e-06,5.26639,1.27159e-06,5.26132,1.27159e-06,5.31767,1.27159e-06,5.32286,1.27159e-06,5.34892,1.27159e-06,5.31767,1.78022e-05,5.30734,0.000782025,5.33325,0.0144096,5.32286,0.127121,5.32805,0.518785,5.32286,1.31946,5.31767,2.25765,5.33847,2.59196,5.32286,2.66793,5.32805,2.7211
-93,5.34369,2.42507,5.45035,1.76739,5.44492,0.856936,5.34892,0.21217,5.33847,0.0274802,5.31767,0.00199003,5.34369,6.48508e-05,5.34892,1.27159e-06,5.32286,1.27159e-06,5.3125,1.27159e-06,5.30218,1.27159e-06,5.32805,1.27159e-06,5.32286,1.27159e-06,5.32805,1.27159e-06,5.3125,1.27159e-06,5.3125,1.27159e-06,5.25626,1.27159e-06,5.63015,1.27159e-06,5.32286,1.27159e-06,5.30218,1.27159e-06,5.33847,1.27159e-06,5.3125,1.27159e-06,5.34892,1.27159e-06,5.34892,0.000166578,5.32805,0.00432975,5.32805,0.0528051,5.32286,0.330965,5.33325,1.01642,5.32286,2.01597,5.33325,2.49031,5.35942,2.65238,5.31767,2.69292,5.32805
-95,2.57728,5.40183,2.40584,5.42868,1.71145,5.40183,0.535312,5.33847,0.097793,5.33847,0.00939701,5.29191,0.000423438,5.32286,3.81476e-06,5.34892,1.27159e-06,5.33325,1.27159e-06,5.30734,1.27159e-06,5.33325,1.27159e-06,5.33325,1.27159e-06,5.30218,1.27159e-06,5.32805,1.27159e-06,5.33325,1.27159e-06,5.28679,1.27159e-06,5.56702,1.27159e-06,5.3125,1.27159e-06,5.28167,1.27159e-06,5.34892,1.27159e-06,5.33325,1.27159e-06,5.32286,1.27159e-06,5.33325,3.6876e-05,5.32286,0.00140637,5.3125,0.0221904,5.32805,0.186773,5.33325,0.785678,5.32286,1.5885,5.34369,2.38691,5.33847,2.58582,5.33325,2.66532,5.34369,2.74297
-97,5.34892,2.47004,5.40718,2.02644,5.43949,1.01209,5.36469,0.277644,5.32286,0.0385977,5.29704,0.00279494,5.33847,0.000139874,5.35942,2.54317e-06,5.32805,1.27159e-06,5.33847,1.27159e-06,5.37525,1.27159e-06,5.32286,1.27159e-06,5.33325,1.27159e-06,5.33847,1.27159e-06,5.32805,1.27159e-06,5.33325,1.27159e-06,5.30218,1.27159e-06,5.74264,1.27159e-06,5.35417,1.27159e-06,5.29704,1.27159e-06,5.30734,1.27159e-06,5.32805,1.27159e-06,5.31767,7.62951e-06,5.3125,0.000414537,5.34369,0.00813052,5.31767,0.0814171,5.32286,0.399711,5.33325,1.30652,5.36469,2.09163,5.33847,2.5496,5.3125,2.65625,5.33325,2.67577,5.31767
-99,2.64339,5.35942,2.14925,5.43949,1.31565,5.40183,0.670503,5.36996,0.119738,5.31767,0.0148343,5.33847,0.000937158,5.33847,3.43328e-05,5.33325,1.27159e-06,5.34369,1.27159e-06,5.30734,1.27159e-06,5.31767,1.27159e-06,5.32805,1.27159e-06,5.3125,1.27159e-06,5.33325,1.27159e-06,5.35942,1.27159e-06,5.26132,1.27159e-06,5.52199,1.27159e-06,5.55005,1.27159e-06,5.24616,1.27159e-06,5.29704,1.27159e-06,5.36996,1.27159e-06,5.32286,1.27159e-06,5.33847,8.2653e-05,5.32286,0.00258005,5.3125,0.0353666,5.34369,0.22657,5.31767,0.848152,5.34369,1.8388,5.3125,2.38274,5.33325,2.63447,5.31767,2.66143,5.31767,2.70627
-101,5.35942,2.48239,5.39116,1.91488,5.43949,0.882412,5.36996,0.327983,5.35942,0.0551258,5.30218,0.0046362,5.31767,0.000181837,5.33325,3.81476e-06,5.32286,1.27159e-06,5.32805,1.27159e-06,5.3125,1.27159e-06,5.31767,1.27159e-06,5.3125,1.27159e-06,5.33325,1.27159e-06,5.32286,1.27159e-06,5.30734,1.27159e-06,5.24112,1.27159e-06,5.65347,1.27159e-06,5.33325,1.27159e-06,5.22608,1.27159e-06,5.34369,1.27159e-06,5.33847,1.27159e-06,5.3125,1.78022e-05,5.33847,0.000762951,5.3125,0.0136568,5.35417,0.116856,5.33847,0.566226,5.36996,1.44784,5.32805,2.12583,5.32805,2.59565,5.30218,2.66013,5.31767,2.66663,5.32286
-103,2.61679,5.39649,2.40902,5.43408,1.84939,5.39116,0.552702,5.33325,0.155441,5.29704,0.022118,5.34369,0.00122581,5.34369,3.30612e-05,5.31767,1.27159e-06,5.30218,1.27159e-06,5.32286,1.27159e-06,5.34892,1.27159e-06,5.30734,1.27159e-06,5.30734,1.27159e-06,5.32805,1.27159e-06,5.32805,1.27159e-06,5.28679,1.27159e-06,5.3125,1.27159e-06,5.72458,1.27159e-06,5.23108,1.27159e-06,5.32286,1.27159e-06,5.33847,1.27159e-06,5.35942,3.81476e-06,5.32805,0.000188195,5.31767,0.00470741,5.33847,0.0523321,5.33847,0.319989,5.29704,0.984896,5.31767,1.8989,5.33847,2.496,5.32286,2.64852,5.33325,2.66143,5.33325,2.69292
-105,5.36469,2.59936,5.43408,2.02194,5.43949,1.42443,5.34369,0.417144,5.34892,0.0747527,5.35417,0.00699499,5.3125,0.000349686,5.33325,1.27159e-06,5.32805,1.27159e-06,5.36469,1.27159e-06,5.32286,1.27159e-06,5.33325,1.27159e-06,5.34369,1.27159e-06,5.32805,1.27159e-06,5.30734,1.27159e-06,5.30734,1.27159e-06,5.25626,1.27159e-06,5.65933,1.27159e-06,5.5557,1.27159e-06,5.3125,1.27159e-06,5.32805,1.27159e-06,5.31767,1.27159e-06,5.32805,4.19623e-05,5.33325,0.00133516,5.35942,0.0225477,5.33847,0.164406,5.36996,0.719153,5.36996,1.57339,5.32805,2.21372,5.34892,2.59319,5.33325,2.65625,5.33847,2.67446,5.3125
-107,2.63447,5.39116,2.39844,5.38585,1.495,5.42868,1.15022,5.35417,0.211693,5.35942,0.0297284,5.36996,0.00204725,5.32286,6.99372e-05,5.32286,2.54317e-06,5.32286,1.27159e-06,5.35417,1.27159e-06,5.32286,1.27159e-06,5.35417,1.27159e-06,5.3125,1.27159e-06,5.33847,1.27159e-06,5.34892,1.27159e-06,5.28167,1.27159e-06,5.38054,1.27159e-06,5.47219,1.27159e-06,5.26639,1.27159e-06,5.30734,1.27159e-06,5.30218,1.27159e-06,5.32286,1.27159e-05,5.33847,0.000352229,5.32805,0.00772361,5.32286,0.0798644,5.32805,0.428132,5.32805,1.24148,5.33325,2.04541,5.30734,2.5413,5.34892,2.62813,5.32805,2.66143,5.33847,2.67971
-109,5.30734,2.56397,5.39116,2.06787,5.42868,1.49705,5.37525,0.372883,5.31767,0.0918583,5.32805,0.00979502,5.33325,0.000628163,5.32286,1.78022e-05,5.3125,1.27159e-06,5.32286,1.27159e-06,5.36469,1.27159e-06,5.34892,1.27159e-06,5.35942,1.27159e-06,5.33325,1.27159e-06,5.33847,1.27159e-06,5.27148,1.27159e-06,5.2361,1.27159e-06,5.48318,1.27159e-06,5.27657,1.27159e-06,5.31767,1.27159e-06,5.32805,1.27159e-06,5.33847,3.81476e-06,5.29704,9.91836e-05,5.32286,0.00240965,5.33325,0.0341052,5.32805,0.222545,5.32805,0.806803,5.31767,1.57794,5.32805,2.41648,5.31767,2.62056,5.32286,2.65625,5.31767,2.65625,5.32805
-111,2.6332,5.36469,2.56758,5.43408,1.94212,5.40718,0.822354,5.36469,0.26222,5.32805,0.0392271,5.32805,0.00306198,5.3125,0.000151319,5.32805,3.81476e-06,5.32805,1.27159e-06,5.33325,1.27159e-06,5.31767,1.27159e-06,5.34369,1.27159e-06,5.32805,1.27159e-06,5.33847,1.27159e-06,5.3125,1.27159e-06,5.30218,1.27159e-06,5.38585,1.27159e-06,5.63015,1.27159e-06,5.24616,1.27159e-06,5.32805,1.27159e-06,5.32805,1.27159e-06,5.34369,2.54317e-05,5.32286,0.000720989,5.32805,0.0118143,5.32286,0.111422,5.34892,0.504923,5.34369,1.40972,5.34369,2.20924,5.31767,2.57363,5.3125,2.64467,5.32805,2.66532,5.33325,2.68366
-113,5.33847,2.5895,5.36996,2.20478,5.40718,1.77717,5.36469,0.550807,5.32286,0.129542,5.32286,0.0138577,5.32805,0.000849419,5.33847,2.79749e-05,5.33847,1.27159e-06,5.32286,1.27159e-06,5.28679,1.27159e-06,5.32805,1.27159e-06,5.32805,1.27159e-06,5.33325,1.27159e-06,5.34892,1.27159e-06,5.28167,1.27159e-06,5.2361,1.27159e-06,5.67108,1.27159e-06,5.31767,1.27159e-06,5.32805,1.27159e-06,5.32805,1.27159e-06,5.33325,6.35793e-06,5.32286,0.00016022,5.32286,0.00444546,5.32286,0.0494723,5.34892,0.278806,5.37525,0.842395,5.33847,1.90354,5.34369,2.41969,5.33325,2.64595,5.33325,2.66663,5.33325,2.66532,5.35417
-115,2.66273,5.33325,2.61304,5.40718,2.07179,5.40183,1.40428,5.33847,0.276898,5.30734,0.0504896,5.3125,0.00505964,5.32286,0.000197096,5.35417,2.54317e-06,5.30734,1.27159e-06,5.31767,1.27159e-06,5.33325,1.27159e-06,5.32286,1.27159e-06,5.37525,1.27159e-06,5.31767,1.27159e-06,5.32805,1.27159e-06,5.23108,1.27159e-06,5.48869,1.27159e-06,5.65347,1.27159e-06,5.30218,1.27159e-06,5.35417,1.27159e-06,5.32805,1.27159e-06,5.32805,3.94191e-05,5.32805,0.00153226,5.32805,0.0219234,5.3125,0.160455,5.36996,0.565991,5.34369,1.495,5.32286,2.31605,5.35942,2.59196,5.32286,2.65109,5.32286,2.66532,5.32286,2.6784
-117,5.32805,2.64211,5.35942,2.28504,5.41791,1.26506,5.40718,0.59355,5.32286,0.156951,5.31767,0.0185664,5.33325,0.00151191,5.32286,5.46782e-05,5.33847,1.27159e-06,5.32286,1.27159e-06,5.30218,1.27159e-06,5.32286,1.27159e-06,5.33325,1.27159e-06,5.33847,1.27159e-06,5.35417,1.27159e-06,5.29191,1.27159e-06,5.28679,1.27159e-06,5.72458,1.27159e-06,5.29704,1.27159e-06,5.33325,1.27159e-06,5.34892,1.27159e-06,5.32805,8.9011e-06,5.33847,0.000389105,5.33847,0.00797538,5.34369,0.075157,5.31767,0.355019,5.31767,1.09116,5.33847,2.02418,5.34369,2.50861,5.31767,2.64084,5.32805,2.67577,5.29191,2.66273,5.34369
-119,2.66273,5.32286,2.57363,5.39649,2.32097,5.41791,1.13918,5.33847,0.425099,5.3125,0.0734811,5.32805,0.00736629,5.32805,0.000433611,5.32805,1.5259e-05,5.34369,1.27159e-06,5.32805,1.27159e-06,5.33847,1.27159e-06,5.30218,1.27159e-06,5.35942,1.27159e-06,5.32286,1.27159e-06,5.31767,1.27159e-06,5.24616,1.27159e-06,5.32286,1.27159e-06,5.62436,1.27159e-06,5.24616,1.27159e-06,5.33325,1.27159e-06,5.30734,2.54317e-06,5.33847,9.02825e-05,5.33325,0.00296025,5.3125,0.0371366,5.28679,0.2213,5.33325,0.881131,5.33847,1.74704,5.3125,2.26702,5.32805,2.61429,5.3125,2.66663,5.29704,2.66923,5.3125,2.6784
-121,5.34892,2.63701,5.35417,2.39949,5.39116,2.04541,5.40718,0.756092,5.32805,0.194864,5.32805,0.0283042,5.31767,0.00232064,5.3125,9.79121e-05,5.31767,1.27159e-06,5.32805,1.27159e-06,5.32805,1.27159e-06,5.33325,1.27159e-06,5.32805,1.27159e-06,5.30734,1.27159e-06,5.34369,1.27159e-06,5.3125,1.27159e-06,5.25626,1.27159e-06,5.6652,1.27159e-06,5.27148,1.27159e-06,5.32286,1.27159e-06,5.31767,1.27159e-06,5.33325,2.28885e-05,5.3125,0.000790926,5.32805,0.0134877,5.33325,0.111012,5.31767,0.459237,5.32286,1.07041,5.34369,1.9823,5.31767,2.5354,5.33325,2.65625,5.31767,2.66013,5.3125,2.67446,5.34369
-123,2.65754,5.33847,2.53658,5.38054,2.36009,5.40183,1.27928,5.35942,0.468536,5.32805,0.0938407,5.33325,0.0116884,5.30218,0.00080237,5.34892,2.41601e-05,5.32805,2.54317e-06,5.32286,1.27159e-06,5.33847,1.27159e-06,5.32805,1.27159e-06,5.33325,1.27159e-06,5.32286,1.27159e-06,5.33325,1.27159e-06,5.26639,1.27159e-06,5.48318,1.27159e-06,5.73661,1.27159e-06,5.30734,1.27159e-06,5.31767,1.27159e-06,5.32286,5.08634e-06,5.33325,0.000255589,5.32286,0.00489433,5.33325,0.050529,5.34892,0.290631,5.35942,0.880989,5.33325,1.84564,5.32805,2.4457,5.32805,2.63701,5.32286,2.64852,5.32286,2.66923,5.32286,2.66923
-125,5.33325,2.6256,5.35417,2.40161,5.37525,1.5617,5.37525,0.792519,5.32286,0.270828,5.34892,0.0395361,5.3125,0.00387579,5.33847,0.00020091,5.35417,5.08634e-06,5.32286,1.27159e-06,5.35417,1.27159e-06,5.30734,1.27159e-06,5.33325,1.27159e-06,5.37525,1.27159e-06,5.31767,1.27159e-06,5.26132,1.27159e-06,5.25626,1.27159e-06,5.5557,1.27159e-06,5.33325,1.27159e-06,5.32286,1.27159e-06,5.32286,3.81476e-06,5.30734,6.35793e-05,5.33325,0.00164416,5.29704,0.0228389,5.32286,0.154727,5.35417,0.696499,5.33325,1.53019,5.35417,2.28983,5.32805,2.50631,5.31767,2.66923,5.31767,2.66532,5.31767,2.65625,5.33847
-127,2.67184,5.34892,2.61054,5.40718,2.08684,5.39649,1.39176,5.38585,0.506187,5.29704,0.123126,5.33325,0.0165332,5.33325,0.00111518,5.33847,3.6876e-05,5.33325,2.54317e-06,5.33847,1.27159e-06,5.31767,1.27159e-06,5.34369,1.27159e-06,5.30734,1.27159e-06,5.33325,1.27159e-06,5.32286,1.27159e-06,5.27148,1.27159e-06,5.43949,1.27159e-06,5.36469,1.27159e-06,5.2361,1.27159e-06,5.28167,1.27159e-06,5.32805,6.35793e-06,5.32286,0.000540424,5.31767,0.00902825,5.32286,0.0785751,5.3125,0.387433,5.33847,1.21361,5.33325,1.86901,5.33847,2.48804,5.32805,2.61429,5.33847,2.66663,5.33325,2.66402,5.33325,2.65884
Scan End
