Date and Time Started,2023-Mar-28 13:48:56
Scan Name,UF MGT builder eyescan
Dwell,BER
Dwell BER,1e-7
Dwell Time,0
Horizontal Increment,1
Horizontal Range,-0.500 UI to 0.500 UI
Vertical Increment,2
Vertical Range,100%
Scan Start
2d statistical,-32,-31,-30,-29,-28,-27,-26,-25,-24,-23,-22,-21,-20,-19,-18,-17,-16,-15,-14,-13,-12,-11,-10,-9,-8,-7,-6,-5,-4,-3,-2,-1,0,1,2,3,4,5,6,7,8,9,10,11,12,13,14,15,16,17,18,19,20,21,22,23,24,25,26,27,28,29,30,31,32
127,2.65625,5.37525,2.58582,5.55005,2.21642,5.78522,1.36259,5.78522,0.536258,5.50529,0.0631738,5.37525,0.00194123,5.33325,9.85478e-06,5.33325,1.58948e-07,5.33325,1.58948e-07,5.33325,1.58948e-07,5.37525,1.58948e-07,5.33325,1.58948e-07,5.33325,1.58948e-07,5.37525,1.58948e-07,5.33325,1.58948e-07,5.37525,1.58948e-07,5.59554,1.58948e-07,5.29191,1.58948e-07,5.46125,4.76844e-07,5.29191,5.27708e-05,5.37525,0.0019797,5.33325,0.0249892,5.33325,0.151533,5.37525,0.47973,5.37525,1.01889,5.37525,1.53062,5.37525,2.01969,5.37525,2.41221,5.37525,2.6256,5.33325,2.67708,5.33325,2.66663,5.33325,2.66663
125,5.37525,2.61554,5.46125,2.40372,5.6888,1.77313,5.83467,0.863029,5.59554,0.161461,5.37525,0.00876122,5.33325,0.000103793,5.37525,6.35793e-07,5.33325,1.58948e-07,5.37525,1.58948e-07,5.33325,1.58948e-07,5.37525,1.58948e-07,5.33325,1.58948e-07,5.33325,1.58948e-07,5.33325,1.58948e-07,5.33325,1.58948e-07,5.46125,1.58948e-07,5.46125,1.58948e-07,5.37525,1.58948e-07,5.33325,1.90738e-06,5.33325,0.000223163,5.33325,0.00561564,5.33325,0.0533534,5.37525,0.239529,5.37525,0.66213,5.33325,1.19345,5.37525,1.68974,5.37525,2.188,5.33325,2.52836,5.33325,2.64595,5.33325,2.66663,5.33325,2.66663,5.37525
123,2.65625,5.37525,2.53776,5.64179,2.07494,5.83467,1.25029,5.73661,0.379675,5.46125,0.0352666,5.33325,0.000823987,5.33325,7.15267e-06,5.33325,1.58948e-07,5.33325,1.58948e-07,5.33325,1.58948e-07,5.37525,1.58948e-07,5.33325,1.58948e-07,5.33325,1.58948e-07,5.37525,1.58948e-07,5.33325,1.58948e-07,5.37525,1.58948e-07,5.59554,1.58948e-07,5.33325,1.58948e-07,5.41791,1.58948e-07,5.29191,1.41464e-05,5.37525,0.000812543,5.33325,0.0136438,5.33325,0.0973971,5.33325,0.381372,5.37525,0.85332,5.41791,1.39889,5.37525,1.89627,5.37525,2.3459,5.33325,2.59565,5.33325,2.66663,5.33325,2.66663,5.33325,2.67708
121,5.37525,2.59565,5.50529,2.33786,5.78522,1.63315,5.83467,0.673231,5.55005,0.12245,5.41791,0.00565172,5.33325,3.6876e-05,5.33325,9.53689e-07,5.33325,1.58948e-07,5.37525,1.58948e-07,5.33325,1.58948e-07,5.33325,1.58948e-07,5.37525,1.58948e-07,5.33325,1.58948e-07,5.33325,1.58948e-07,5.33325,1.58948e-07,5.50529,1.58948e-07,5.37525,1.58948e-07,5.41791,1.58948e-07,5.33325,1.11264e-06,5.33325,9.12362e-05,5.33325,0.0026201,5.33325,0.0317751,5.37525,0.184004,5.37525,0.551864,5.37525,1.06499,5.37525,1.62151,5.37525,2.08763,5.37525,2.48239,5.33325,2.63574,5.37525,2.66663,5.37525,2.66663,5.33325
119,2.64595,5.46125,2.46446,5.6888,1.94489,5.88497,1.04702,5.64179,0.287313,5.41791,0.0232014,5.33325,0.000391807,5.33325,1.58948e-07,5.33325,1.58948e-07,5.33325,1.58948e-07,5.37525,1.58948e-07,5.33325,1.58948e-07,5.33325,1.58948e-07,5.33325,1.58948e-07,5.33325,1.58948e-07,5.33325,1.58948e-07,5.33325,1.58948e-07,5.55005,1.58948e-07,5.29191,1.58948e-07,5.46125,1.58948e-07,5.29191,5.08634e-06,5.33325,0.000343646,5.33325,0.00769945,5.33325,0.0650583,5.37525,0.280582,5.37525,0.750997,5.37525,1.29536,5.33325,1.81076,5.33325,2.26045,5.33325,2.57606,5.33325,2.65625,5.37525,2.66663,5.37525,2.66663
117,5.37525,2.58582,5.55005,2.21642,5.83467,1.5103,5.78522,0.615006,5.50529,0.0807113,5.37525,0.00279685,5.33325,2.24117e-05,5.33325,4.76844e-07,5.33325,1.58948e-07,5.37525,1.58948e-07,5.33325,1.58948e-07,5.33325,1.58948e-07,5.37525,1.58948e-07,5.33325,1.58948e-07,5.33325,1.58948e-07,5.33325,1.58948e-07,5.50529,1.58948e-07,5.37525,1.58948e-07,5.37525,1.58948e-07,5.33325,3.17896e-07,5.33325,2.40012e-05,5.33325,0.00120848,5.37525,0.018164,5.33325,0.127743,5.37525,0.417017,5.37525,0.961488,5.37525,1.50697,5.37525,1.99025,5.37525,2.43806,5.33325,2.6256,5.37525,2.66663,5.33325,2.66663,5.33325
115,2.6256,5.46125,2.40372,5.73661,1.85002,5.88497,0.965568,5.64179,0.237859,5.41791,0.016067,5.33325,0.000243191,5.33325,3.17896e-07,5.37525,1.58948e-07,5.33325,1.58948e-07,5.33325,1.58948e-07,5.37525,1.58948e-07,5.37525,1.58948e-07,5.33325,1.58948e-07,5.33325,1.58948e-07,5.33325,1.58948e-07,5.37525,1.58948e-07,5.59554,1.58948e-07,5.33325,1.58948e-07,5.41791,1.58948e-07,5.2512,9.53689e-07,5.33325,0.000138762,5.37525,0.00389169,5.33325,0.0418474,5.37525,0.222654,5.33325,0.618909,5.41791,1.17903,5.37525,1.70664,5.33325,2.19504,5.33325,2.54722,5.37525,2.65625,5.33325,2.66663,5.37525,2.66663
113,5.37525,2.52836,5.59554,2.1603,5.83467,1.33071,5.83467,0.45209,5.46125,0.0547351,5.37525,0.00156453,5.37525,1.03316e-05,5.33325,1.58948e-07,5.33325,1.58948e-07,5.33325,1.58948e-07,5.33325,1.58948e-07,5.37525,1.58948e-07,5.37525,1.58948e-07,5.33325,1.58948e-07,5.33325,1.58948e-07,5.33325,1.58948e-07,5.50529,1.58948e-07,5.41791,1.58948e-07,5.41791,1.58948e-07,5.29191,1.58948e-07,5.33325,8.9011e-06,5.37525,0.000595261,5.33325,0.0111852,5.37525,0.0854388,5.37525,0.354442,5.37525,0.829473,5.37525,1.39603,5.37525,1.93936,5.37525,2.36213,5.37525,2.60556,5.33325,2.66663,5.37525,2.66663,5.33325
111,2.61554,5.50529,2.33786,5.78522,1.72824,5.88497,0.796565,5.59554,0.161767,5.37525,0.00915589,5.33325,9.33026e-05,5.37525,1.58948e-07,5.33325,1.58948e-07,5.33325,1.58948e-07,5.33325,1.58948e-07,5.33325,1.58948e-07,5.33325,1.58948e-07,5.33325,1.58948e-07,5.33325,1.58948e-07,5.37525,1.58948e-07,5.41791,1.58948e-07,5.59554,1.58948e-07,5.33325,1.58948e-07,5.37525,1.58948e-07,5.2512,3.17896e-07,5.29191,5.38834e-05,5.33325,0.00191262,5.29191,0.0245286,5.37525,0.154342,5.33325,0.508307,5.37525,1.04222,5.37525,1.62537,5.37525,2.12005,5.37525,2.49145,5.33325,2.63574,5.37525,2.66663,5.33325,2.66663
109,5.41791,2.49145,5.64179,2.04388,5.88497,1.20398,5.73661,0.395972,5.46125,0.0387719,5.33325,0.000852121,5.33325,3.33791e-06,5.33325,1.58948e-07,5.33325,1.58948e-07,5.33325,1.58948e-07,5.33325,1.58948e-07,5.33325,1.58948e-07,5.33325,1.58948e-07,5.37525,1.58948e-07,5.33325,1.58948e-07,5.33325,1.58948e-07,5.50529,1.58948e-07,5.46125,1.58948e-07,5.37525,1.58948e-07,5.33325,1.58948e-07,5.33325,2.70212e-06,5.37525,0.000247959,5.33325,0.00586185,5.37525,0.0559371,5.37525,0.257218,5.37525,0.717076,5.37525,1.29783,5.37525,1.8351,5.33325,2.31409,5.37525,2.58582,5.33325,2.65625,5.33325,2.67708,5.33325
107,2.59565,5.55005,2.26045,5.78522,1.65292,5.88497,0.734829,5.59554,0.127862,5.37525,0.00608151,5.33325,5.49961e-05,5.33325,4.76844e-07,5.33325,1.58948e-07,5.33325,1.58948e-07,5.37525,1.58948e-07,5.37525,1.58948e-07,5.33325,1.58948e-07,5.33325,1.58948e-07,5.37525,1.58948e-07,5.33325,1.58948e-07,5.37525,1.58948e-07,5.55005,1.58948e-07,5.33325,1.58948e-07,5.46125,1.58948e-07,5.2512,1.58948e-07,5.37525,2.22527e-05,5.37525,0.00105112,5.37525,0.0159428,5.33325,0.114061,5.37525,0.419838,5.33325,0.942895,5.37525,1.53062,5.37525,2.05002,5.37525,2.43806,5.37525,2.6256,5.37525,2.65625,5.33325,2.67708
105,5.41791,2.4468,5.6888,1.94489,5.88497,1.09576,5.73661,0.298103,5.41791,0.0260705,5.33325,0.000487971,5.33325,1.74843e-06,5.37525,1.58948e-07,5.37525,1.58948e-07,5.33325,1.58948e-07,5.37525,1.58948e-07,5.37525,1.58948e-07,5.33325,1.58948e-07,5.33325,1.58948e-07,5.33325,1.58948e-07,5.33325,1.58948e-07,5.50529,1.58948e-07,5.41791,1.58948e-07,5.37525,1.58948e-07,5.29191,1.58948e-07,5.33325,1.27159e-06,5.37525,0.000112217,5.33325,0.0032977,5.33325,0.0381095,5.33325,0.205557,5.37525,0.610059,5.37525,1.19137,5.37525,1.74147,5.33325,2.23822,5.37525,2.55676,5.37525,2.64595,5.33325,2.66663,5.33325
103,2.55676,5.59554,2.18101,5.83467,1.48727,5.78522,0.555005,5.55005,0.0882897,5.33325,0.00332965,5.37525,2.03454e-05,5.37525,1.58948e-07,5.33325,1.58948e-07,5.33325,1.58948e-07,5.33325,1.58948e-07,5.37525,1.58948e-07,5.37525,1.58948e-07,5.33325,1.58948e-07,5.33325,1.58948e-07,5.33325,1.58948e-07,5.37525,1.58948e-07,5.55005,1.58948e-07,5.33325,1.58948e-07,5.41791,1.58948e-07,5.29191,1.58948e-07,5.33325,8.74215e-06,5.37525,0.000498779,5.33325,0.00991566,5.33325,0.0805589,5.33325,0.348294,5.37525,0.85332,5.37525,1.43115,5.37525,1.96731,5.37525,2.40372,5.33325,2.6256,5.33325,2.66663,5.33325,2.69825
101,5.50529,2.37033,5.78522,1.8012,5.88497,0.948134,5.6888,0.226871,5.37525,0.0167754,5.37525,0.000280702,5.33325,4.76844e-07,5.29191,1.58948e-07,5.33325,1.58948e-07,5.37525,1.58948e-07,5.37525,1.58948e-07,5.37525,1.58948e-07,5.33325,1.58948e-07,5.33325,1.58948e-07,5.29191,1.58948e-07,5.37525,1.58948e-07,5.55005,1.58948e-07,5.41791,1.58948e-07,5.41791,1.58948e-07,5.33325,1.58948e-07,5.33325,4.76844e-07,5.33325,5.16581e-05,5.37525,0.00183124,5.33325,0.0245181,5.37525,0.154587,5.37525,0.516381,5.37525,1.0853,5.37525,1.66909,5.37525,2.18101,5.37525,2.52836,5.33325,2.66663,5.33325,2.66663,5.37525
99,2.51903,5.64179,2.14672,5.88497,1.26652,5.78522,0.488659,5.50529,0.0633086,5.37525,0.00224769,5.33325,1.19211e-05,5.33325,1.58948e-07,5.33325,1.58948e-07,5.33325,1.58948e-07,5.33325,1.58948e-07,5.33325,1.58948e-07,5.33325,1.58948e-07,5.33325,1.58948e-07,5.33325,1.58948e-07,5.33325,1.58948e-07,5.37525,1.58948e-07,5.55005,1.58948e-07,5.33325,1.58948e-07,5.41791,1.58948e-07,5.2512,1.58948e-07,5.37525,3.65581e-06,5.33325,0.000254317,5.29191,0.00610154,5.33325,0.0573227,5.37525,0.26635,5.41791,0.747707,5.37525,1.32042,5.37525,1.89101,5.37525,2.3459,5.37525,2.61554,5.33325,2.66663,5.33325,2.69825
97,5.50529,2.31409,5.78522,1.76854,5.93614,0.841746,5.64179,0.193387,5.37525,0.0115781,5.37525,0.000133675,5.33325,3.17896e-07,5.37525,1.58948e-07,5.37525,1.58948e-07,5.33325,1.58948e-07,5.33325,1.58948e-07,5.33325,1.58948e-07,5.37525,1.58948e-07,5.37525,1.58948e-07,5.33325,1.58948e-07,5.33325,1.58948e-07,5.50529,1.58948e-07,5.41791,1.58948e-07,5.37525,1.58948e-07,5.29191,1.58948e-07,5.33325,1.58948e-07,5.33325,1.92327e-05,5.37525,0.000941132,5.33325,0.0157425,5.29191,0.114329,5.33325,0.429884,5.37525,0.966935,5.37525,1.59873,5.33325,2.10048,5.33325,2.50057,5.33325,2.64595,5.33325,2.67708,5.33325
95,2.49145,5.6888,2.00192,5.93614,1.21686,5.78522,0.390312,5.46125,0.044735,5.33325,0.00109245,5.33325,8.9011e-06,5.33325,1.58948e-07,5.33325,1.58948e-07,5.33325,1.58948e-07,5.33325,1.58948e-07,5.33325,1.58948e-07,5.33325,1.58948e-07,5.33325,1.58948e-07,5.37525,1.58948e-07,5.37525,1.58948e-07,5.41791,1.58948e-07,5.55005,1.58948e-07,5.2512,1.58948e-07,5.46125,1.58948e-07,5.29191,1.58948e-07,5.33325,6.35793e-07,5.33325,0.000106495,5.37525,0.00328101,5.29191,0.0387499,5.37525,0.211742,5.37525,0.63385,5.37525,1.22559,5.37525,1.82042,5.37525,2.29851,5.33325,2.57606,5.33325,2.65625,5.33325,2.71975
93,5.55005,2.24558,5.83467,1.61004,5.93614,0.742018,5.64179,0.147921,5.37525,0.00686131,5.33325,7.12088e-05,5.33325,7.94741e-07,5.33325,1.58948e-07,5.33325,1.58948e-07,5.33325,1.58948e-07,5.33325,1.58948e-07,5.33325,1.58948e-07,5.33325,1.58948e-07,5.33325,1.58948e-07,5.33325,1.58948e-07,5.33325,1.58948e-07,5.46125,1.58948e-07,5.50529,1.58948e-07,5.41791,1.58948e-07,5.29191,1.58948e-07,5.37525,1.58948e-07,5.33325,7.15267e-06,5.37525,0.000485746,5.33325,0.00943103,5.33325,0.0834747,5.33325,0.360431,5.37525,0.867416,5.37525,1.47124,5.37525,2.03778,5.33325,2.4556,5.33325,2.63574,5.33325,2.68762,5.37525
91,2.43806,5.73661,1.95045,5.93614,1.05838,5.78522,0.314298,5.41791,0.0307503,5.33325,0.00071781,5.33325,3.9737e-06,5.33325,1.58948e-07,5.33325,1.58948e-07,5.33325,1.58948e-07,5.33325,1.58948e-07,5.37525,1.58948e-07,5.33325,1.58948e-07,5.37525,1.58948e-07,5.37525,1.58948e-07,5.37525,1.58948e-07,5.41791,1.58948e-07,5.59554,1.58948e-07,5.29191,1.58948e-07,5.41791,1.58948e-07,5.2512,1.58948e-07,5.33325,6.35793e-07,5.37525,4.10086e-05,5.33325,0.00172459,5.33325,0.024879,5.37525,0.159723,5.37525,0.548318,5.33325,1.10641,5.33325,1.71522,5.37525,2.20924,5.37525,2.54722,5.33325,2.67708,5.33325,2.74159
89,5.59554,2.19504,5.88497,1.46179,5.88497,0.605729,5.59554,0.102011,5.37525,0.00442607,5.33325,3.83065e-05,5.33325,1.11264e-06,5.33325,1.58948e-07,5.33325,1.58948e-07,5.33325,1.58948e-07,5.33325,1.58948e-07,5.33325,1.58948e-07,5.37525,1.58948e-07,5.33325,1.58948e-07,5.33325,1.58948e-07,5.37525,1.58948e-07,5.50529,1.58948e-07,5.41791,1.58948e-07,5.37525,1.58948e-07,5.33325,1.58948e-07,5.33325,1.58948e-07,5.33325,1.58948e-06,5.33325,0.000201705,5.37525,0.00530712,5.37525,0.0573757,5.33325,0.275376,5.37525,0.750997,5.37525,1.36531,5.37525,1.93936,5.37525,2.37859,5.37525,2.6256,5.33325,2.68762,5.33325
87,2.35399,5.83467,1.82042,5.93614,0.941595,5.73661,0.250057,5.46125,0.0217864,5.33325,0.00032489,5.33325,4.2916e-06,5.37525,1.58948e-07,5.37525,1.58948e-07,5.33325,1.58948e-07,5.33325,1.58948e-07,5.37525,1.58948e-07,5.33325,1.58948e-07,5.33325,1.58948e-07,5.37525,1.58948e-07,5.33325,1.58948e-07,5.37525,1.58948e-07,5.59554,1.58948e-07,5.33325,1.58948e-07,5.46125,1.58948e-07,5.29191,1.58948e-07,5.33325,4.76844e-07,5.33325,1.68485e-05,5.33325,0.000843856,5.33325,0.0145231,5.33325,0.114329,5.37525,0.440708,5.33325,0.995126,5.33325,1.60625,5.37525,2.15349,5.37525,2.50977,5.37525,2.65625,5.33325,2.75265
85,5.64179,2.06866,5.93614,1.3819,5.88497,0.507929,5.55005,0.0700879,5.37525,0.00224085,5.33325,2.36833e-05,5.37525,6.35793e-07,5.37525,1.58948e-07,5.37525,1.58948e-07,5.37525,1.58948e-07,5.33325,1.58948e-07,5.33325,1.58948e-07,5.37525,1.58948e-07,5.33325,1.58948e-07,5.33325,1.58948e-07,5.37525,1.58948e-07,5.46125,1.58948e-07,5.41791,1.58948e-07,5.41791,1.58948e-07,5.29191,1.58948e-07,5.37525,1.58948e-07,5.37525,3.17896e-07,5.33325,8.5832e-05,5.33325,0.00299045,5.33325,0.0381777,5.37525,0.209404,5.37525,0.669271,5.37525,1.26888,5.37525,1.8601,5.37525,2.32988,5.33325,2.59565,5.33325,2.70895,5.33325
83,2.32196,5.88497,1.69815,5.98821,0.805019,5.6888,0.196391,5.41791,0.0132694,5.33325,0.000178181,5.37525,7.94741e-07,5.33325,1.58948e-07,5.37525,1.58948e-07,5.33325,1.58948e-07,5.33325,1.58948e-07,5.33325,1.58948e-07,5.33325,1.58948e-07,5.33325,1.58948e-07,5.33325,1.58948e-07,5.33325,1.58948e-07,5.37525,1.58948e-07,5.55005,1.58948e-07,5.33325,1.58948e-07,5.46125,1.58948e-07,5.2512,1.58948e-07,5.37525,1.58948e-07,5.33325,6.51687e-06,5.33325,0.000419464,5.33325,0.00874437,5.33325,0.0849075,5.37525,0.360621,5.37525,0.888875,5.37525,1.51701,5.37525,2.06241,5.37525,2.47339,5.37525,2.65625,5.33325,2.78635
81,5.64179,1.98447,5.93614,1.21253,5.83467,0.409512,5.50529,0.0521151,5.33325,0.00127111,5.33325,7.47056e-06,5.37525,1.58948e-07,5.33325,1.58948e-07,5.33325,1.58948e-07,5.33325,1.58948e-07,5.37525,1.58948e-07,5.33325,1.58948e-07,5.33325,1.58948e-07,5.33325,1.58948e-07,5.33325,1.58948e-07,5.33325,1.58948e-07,5.50529,1.58948e-07,5.46125,1.58948e-07,5.41791,1.58948e-07,5.33325,1.58948e-07,5.33325,1.58948e-07,5.33325,1.58948e-07,5.33325,3.70349e-05,5.33325,0.00159171,5.33325,0.0239168,5.33325,0.161346,5.33325,0.542221,5.37525,1.14925,5.37525,1.77313,5.41791,2.26796,5.33325,2.56638,5.37525,2.73062,5.37525
79,2.20924,5.88497,1.56214,5.93614,0.706683,5.6888,0.152583,5.37525,0.00843077,5.33325,9.47331e-05,5.33325,6.35793e-07,5.33325,1.58948e-07,5.33325,1.58948e-07,5.33325,1.58948e-07,5.33325,1.58948e-07,5.33325,1.58948e-07,5.37525,1.58948e-07,5.33325,1.58948e-07,5.33325,1.58948e-07,5.37525,1.58948e-07,5.37525,1.58948e-07,5.59554,1.58948e-07,5.29191,1.58948e-07,5.41791,1.58948e-07,5.2512,1.58948e-07,5.37525,1.58948e-07,5.37525,1.90738e-06,5.33325,0.000175797,5.33325,0.00504199,5.33325,0.0557908,5.41791,0.280813,5.37525,0.767892,5.37525,1.41924,5.37525,1.96731,5.37525,2.43806,5.33325,2.65625,5.37525,2.8444
77,5.73661,1.87543,5.93614,1.08015,5.88497,0.351703,5.46125,0.0367533,5.37525,0.000814132,5.37525,5.40424e-06,5.33325,1.58948e-07,5.37525,1.58948e-07,5.33325,1.58948e-07,5.37525,1.58948e-07,5.33325,1.58948e-07,5.33325,1.58948e-07,5.33325,1.58948e-07,5.33325,1.58948e-07,5.37525,1.58948e-07,5.37525,1.58948e-07,5.50529,1.58948e-07,5.37525,1.58948e-07,5.41791,1.58948e-07,5.29191,1.58948e-07,5.29191,1.58948e-07,5.33325,1.58948e-07,5.33325,1.39874e-05,5.33325,0.000757706,5.37525,0.0150335,5.37525,0.117517,5.37525,0.447937,5.37525,1.03747,5.37525,1.65292,5.37525,2.188,5.37525,2.55676,5.37525,2.73062,5.33325
75,2.14672,5.93614,1.47761,5.98821,0.629757,5.59554,0.119827,5.37525,0.00555476,5.33325,4.40286e-05,5.33325,6.35793e-07,5.37525,1.58948e-07,5.33325,1.58948e-07,5.37525,1.58948e-07,5.33325,1.58948e-07,5.33325,1.58948e-07,5.33325,1.58948e-07,5.33325,1.58948e-07,5.33325,1.58948e-07,5.33325,1.58948e-07,5.37525,1.58948e-07,5.55005,1.58948e-07,5.33325,1.58948e-07,5.41791,1.58948e-07,5.2512,1.58948e-07,5.33325,1.58948e-07,5.33325,7.94741e-07,5.33325,8.20172e-05,5.33325,0.00295485,5.33325,0.0383709,5.37525,0.219857,5.37525,0.671245,5.37525,1.29783,5.37525,1.90155,5.37525,2.37859,5.37525,2.65625,5.33325,2.88041
73,5.83467,1.78239,5.98821,0.950775,5.73661,0.262762,5.46125,0.0245569,5.33325,0.000490196,5.33325,2.86107e-06,5.37525,1.58948e-07,5.29191,1.58948e-07,5.37525,1.58948e-07,5.33325,1.58948e-07,5.33325,1.58948e-07,5.33325,1.58948e-07,5.33325,1.58948e-07,5.33325,1.58948e-07,5.37525,1.58948e-07,5.33325,1.58948e-07,5.55005,1.58948e-07,5.37525,1.58948e-07,5.37525,1.58948e-07,5.29191,1.58948e-07,5.33325,1.58948e-07,5.33325,1.58948e-07,5.33325,5.72213e-06,5.33325,0.000420418,5.33325,0.00975862,5.33325,0.0860094,5.37525,0.38373,5.37525,0.930049,5.33325,1.56573,5.37525,2.1333,5.33325,2.52836,5.33325,2.76379,5.33325
71,2.05619,5.93614,1.33331,5.93614,0.523108,5.55005,0.0841331,5.33325,0.00290525,5.33325,3.03591e-05,5.33325,1.58948e-07,5.33325,1.58948e-07,5.33325,1.58948e-07,5.33325,1.58948e-07,5.33325,1.58948e-07,5.33325,1.58948e-07,5.33325,1.58948e-07,5.33325,1.58948e-07,5.29191,1.58948e-07,5.33325,1.58948e-07,5.41791,1.58948e-07,5.55005,1.58948e-07,5.33325,1.58948e-07,5.41791,1.58948e-07,5.2512,1.58948e-07,5.37525,1.58948e-07,5.33325,1.58948e-07,5.37525,3.73528e-05,5.33325,0.00168072,5.33325,0.0263523,5.33325,0.173263,5.33325,0.581975,5.37525,1.20186,5.37525,1.80597,5.33325,2.32988,5.33325,2.63574,5.41791,2.92986
69,5.83467,1.66502,5.98821,0.819515,5.73661,0.215553,5.41791,0.017508,5.33325,0.000271642,5.33325,2.06633e-06,5.33325,1.58948e-07,5.33325,1.58948e-07,5.33325,1.58948e-07,5.33325,1.58948e-07,5.37525,1.58948e-07,5.33325,1.58948e-07,5.37525,1.58948e-07,5.37525,1.58948e-07,5.37525,1.58948e-07,5.37525,1.58948e-07,5.50529,1.58948e-07,5.46125,1.58948e-07,5.37525,1.58948e-07,5.33325,1.58948e-07,5.33325,1.58948e-07,5.33325,1.58948e-07,5.37525,1.58948e-06,5.33325,0.000191215,5.33325,0.00546257,5.37525,0.0638474,5.37525,0.310581,5.37525,0.815599,5.37525,1.46179,5.37525,2.03778,5.33325,2.49145,5.33325,2.79777,5.33325
67,1.96166,5.98821,1.19345,5.88497,0.453894,5.50529,0.0628771,5.37525,0.00195347,5.33325,1.71664e-05,5.33325,1.58948e-07,5.33325,1.58948e-07,5.33325,1.58948e-07,5.37525,1.58948e-07,5.33325,1.58948e-07,5.33325,1.58948e-07,5.37525,1.58948e-07,5.37525,1.58948e-07,5.33325,1.58948e-07,5.33325,1.58948e-07,5.37525,1.58948e-07,5.55005,1.58948e-07,5.33325,1.58948e-07,5.46125,1.58948e-07,5.2512,1.58948e-07,5.33325,1.58948e-07,5.33325,3.17896e-07,5.33325,1.47822e-05,5.37525,0.000857048,5.33325,0.0171617,5.33325,0.129022,5.37525,0.49432,5.37525,1.09051,5.37525,1.71522,5.33325,2.25299,5.37525,2.64595,5.37525,2.96807
65,5.88497,1.56214,5.98821,0.746889,5.6888,0.171867,5.37525,0.0111874,5.37525,0.000148934,5.33325,9.53689e-07,5.33325,1.58948e-07,5.37525,1.58948e-07,5.33325,1.58948e-07,5.33325,1.58948e-07,5.33325,1.58948e-07,5.37525,1.58948e-07,5.33325,1.58948e-07,5.33325,1.58948e-07,5.33325,1.58948e-07,5.33325,1.58948e-07,5.50529,1.58948e-07,5.41791,1.58948e-07,5.37525,1.58948e-07,5.29191,1.58948e-07,5.33325,1.58948e-07,5.33325,1.58948e-07,5.33325,6.35793e-07,5.33325,8.16993e-05,5.33325,0.0034088,5.33325,0.0436091,5.33325,0.248419,5.37525,0.72392,5.37525,1.3791,5.37525,1.96166,5.33325,2.43806,5.37525,2.80928,5.33325
63,1.86518,6.04121,1.10284,5.88497,0.368009,5.50529,0.0472917,5.33325,0.00125951,5.33325,5.88108e-06,5.37525,1.58948e-07,5.33325,1.58948e-07,5.33325,1.58948e-07,5.33325,1.58948e-07,5.37525,1.58948e-07,5.33325,1.58948e-07,5.33325,1.58948e-07,5.33325,1.58948e-07,5.33325,1.58948e-07,5.33325,1.58948e-07,5.41791,1.58948e-07,5.55005,1.58948e-07,5.29191,1.58948e-07,5.46125,1.58948e-07,5.2512,1.58948e-07,5.33325,1.58948e-07,5.37525,1.58948e-07,5.37525,5.40424e-06,5.33325,0.000432339,5.33325,0.0107458,5.33325,0.0992521,5.33325,0.41025,5.37525,0.993677,5.37525,1.64495,5.33325,2.17406,5.37525,2.64595,5.33325,3.06124
61,5.98821,1.4222,5.93614,0.64953,5.64179,0.12998,5.37525,0.00712501,5.33325,7.12088e-05,5.33325,7.94741e-07,5.33325,1.58948e-07,5.33325,1.58948e-07,5.33325,1.58948e-07,5.33325,1.58948e-07,5.33325,1.58948e-07,5.33325,1.58948e-07,5.33325,1.58948e-07,5.37525,1.58948e-07,5.33325,1.58948e-07,5.33325,1.58948e-07,5.46125,1.58948e-07,5.37525,1.58948e-07,5.37525,1.58948e-07,5.29191,1.58948e-07,5.33325,1.58948e-07,5.33325,1.58948e-07,5.33325,1.58948e-07,5.33325,4.2916e-05,5.33325,0.00190325,5.37525,0.030206,5.37525,0.201255,5.37525,0.618909,5.37525,1.27124,5.37525,1.90686,5.37525,2.42077,5.37525,2.8563,5.37525
59,1.7549,6.04121,0.960135,5.78522,0.290492,5.41791,0.031546,5.37525,0.000647714,5.33325,3.49686e-06,5.37525,3.17896e-07,5.33325,1.58948e-07,5.33325,1.58948e-07,5.33325,1.58948e-07,5.37525,1.58948e-07,5.37525,1.58948e-07,5.33325,1.58948e-07,5.33325,1.58948e-07,5.33325,1.58948e-07,5.33325,1.58948e-07,5.41791,1.58948e-07,5.59554,1.58948e-07,5.29191,1.58948e-07,5.46125,1.58948e-07,5.29191,1.58948e-07,5.33325,1.58948e-07,5.33325,1.58948e-07,5.33325,2.22527e-06,5.33325,0.000209335,5.29191,0.00653245,5.37525,0.0702538,5.37525,0.331065,5.37525,0.868519,5.37525,1.51701,5.37525,2.10696,5.37525,2.6256,5.33325,3.11715
57,5.98821,1.30278,5.98821,0.550974,5.59554,0.103637,5.37525,0.00424296,5.33325,4.05318e-05,5.33325,1.58948e-07,5.33325,1.58948e-07,5.33325,1.58948e-07,5.33325,1.58948e-07,5.33325,1.58948e-07,5.33325,1.58948e-07,5.33325,1.58948e-07,5.33325,1.58948e-07,5.33325,1.58948e-07,5.33325,1.58948e-07,5.33325,1.58948e-07,5.50529,1.58948e-07,5.41791,1.58948e-07,5.37525,1.58948e-07,5.33325,1.58948e-07,5.33325,1.58948e-07,5.33325,1.58948e-07,5.33325,1.58948e-07,5.33325,1.62127e-05,5.33325,0.00102331,5.33325,0.019959,5.33325,0.146934,5.37525,0.539649,5.37525,1.15509,5.37525,1.79175,5.37525,2.36213,5.37525,2.89261,5.33325
55,1.63707,6.04121,0.835565,5.73661,0.247071,5.46125,0.0211919,5.33325,0.000413106,5.33325,7.94741e-07,5.33325,1.58948e-07,5.33325,1.58948e-07,5.37525,1.58948e-07,5.37525,1.58948e-07,5.37525,1.58948e-07,5.37525,1.58948e-07,5.33325,1.58948e-07,5.33325,1.58948e-07,5.33325,1.58948e-07,5.37525,1.58948e-07,5.37525,1.58948e-07,5.59554,1.58948e-07,5.33325,1.58948e-07,5.46125,1.58948e-07,5.2512,1.58948e-07,5.37525,1.58948e-07,5.33325,1.58948e-07,5.33325,1.27159e-06,5.33325,9.77531e-05,5.37525,0.00399977,5.33325,0.0511315,5.33325,0.2746,5.37525,0.777513,5.37525,1.44938,5.37525,2.06866,5.33325,2.6256,5.37525,3.18998
53,6.04121,1.16693,5.93614,0.46918,5.55005,0.0741534,5.37525,0.00287585,5.33325,2.19348e-05,5.37525,1.58948e-07,5.33325,1.58948e-07,5.33325,1.58948e-07,5.37525,1.58948e-07,5.33325,1.58948e-07,5.33325,1.58948e-07,5.37525,1.58948e-07,5.37525,1.58948e-07,5.33325,1.58948e-07,5.33325,1.58948e-07,5.37525,1.58948e-07,5.50529,1.58948e-07,5.37525,1.58948e-07,5.37525,1.58948e-07,5.37525,1.58948e-07,5.33325,1.58948e-07,5.37525,1.58948e-07,5.33325,1.58948e-07,5.29191,5.24529e-06,5.37525,0.000542172,5.33325,0.0127542,5.33325,0.113285,5.37525,0.444727,5.37525,1.04542,5.37525,1.70664,5.37525,2.31409,5.37525,2.94248,5.37525
51,1.51701,5.98821,0.758507,5.73661,0.196901,5.37525,0.0155213,5.33325,0.000229362,5.37525,1.27159e-06,5.37525,1.58948e-07,5.37525,1.58948e-07,5.33325,1.58948e-07,5.33325,1.58948e-07,5.33325,1.58948e-07,5.37525,1.58948e-07,5.33325,1.58948e-07,5.37525,1.58948e-07,5.33325,1.58948e-07,5.33325,1.58948e-07,5.37525,1.58948e-07,5.55005,1.58948e-07,5.29191,1.58948e-07,5.41791,1.58948e-07,5.29191,1.58948e-07,5.33325,1.58948e-07,5.37525,1.58948e-07,5.33325,1.58948e-07,5.33325,5.22939e-05,5.33325,0.00237198,5.33325,0.0358312,5.33325,0.217337,5.37525,0.667308,5.37525,1.33331,5.37525,1.97299,5.37525,2.6256,5.37525,3.29786
49,6.09515,1.07167,5.88497,0.407313,5.50529,0.0557498,5.37525,0.0018492,5.33325,1.31927e-05,5.33325,1.58948e-07,5.33325,1.58948e-07,5.37525,1.58948e-07,5.33325,1.58948e-07,5.33325,1.58948e-07,5.33325,1.58948e-07,5.33325,1.58948e-07,5.33325,1.58948e-07,5.33325,1.58948e-07,5.33325,1.58948e-07,5.33325,1.58948e-07,5.50529,1.58948e-07,5.37525,1.58948e-07,5.41791,1.58948e-07,5.33325,1.58948e-07,5.33325,1.58948e-07,5.33325,1.58948e-07,5.33325,1.58948e-07,5.33325,2.54317e-06,5.37525,0.000288332,5.33325,0.00790576,5.37525,0.0790752,5.37525,0.367415,5.37525,0.9442,5.33325,1.59873,5.33325,2.27552,5.37525,2.98103,5.33325
47,1.40176,6.04121,0.658299,5.6888,0.15784,5.37525,0.0104369,5.33325,0.000115078,5.33325,3.17896e-07,5.33325,1.58948e-07,5.33325,1.58948e-07,5.37525,1.58948e-07,5.33325,1.58948e-07,5.33325,1.58948e-07,5.33325,1.58948e-07,5.33325,1.58948e-07,5.37525,1.58948e-07,5.37525,1.58948e-07,5.33325,1.58948e-07,5.37525,1.58948e-07,5.59554,1.58948e-07,5.37525,1.58948e-07,5.46125,1.58948e-07,5.29191,1.58948e-07,5.37525,1.58948e-07,5.37525,1.58948e-07,5.33325,1.58948e-07,5.33325,2.22527e-05,5.37525,0.00130004,5.33325,0.0237512,5.33325,0.167031,5.33325,0.584466,5.37525,1.21469,5.37525,1.90686,5.37525,2.6256,5.37525,3.36284
45,6.04121,0.958787,5.83467,0.329308,5.46125,0.0420925,5.37525,0.00100964,5.37525,4.76844e-06,5.37525,1.58948e-07,5.33325,1.58948e-07,5.37525,1.58948e-07,5.37525,1.58948e-07,5.37525,1.58948e-07,5.37525,1.58948e-07,5.29191,1.58948e-07,5.33325,1.58948e-07,5.33325,1.58948e-07,5.33325,1.58948e-07,5.33325,1.58948e-07,5.50529,1.58948e-07,5.37525,1.58948e-07,5.37525,1.58948e-07,5.33325,1.58948e-07,5.33325,1.58948e-07,5.33325,1.58948e-07,5.33325,1.58948e-07,5.33325,1.27159e-06,5.37525,0.000131609,5.33325,0.00490927,5.33325,0.0609841,5.33325,0.30503,5.37525,0.831494,5.37525,1.50697,5.37525,2.23822,5.37525,3.0073,5.37525
43,1.32042,6.04121,0.569355,5.64179,0.118805,5.41791,0.00700659,5.37525,6.54866e-05,5.33325,1.43053e-06,5.37525,1.58948e-07,5.37525,1.58948e-07,5.33325,1.58948e-07,5.33325,1.58948e-07,5.37525,1.58948e-07,5.33325,1.58948e-07,5.33325,1.58948e-07,5.37525,1.58948e-07,5.37525,1.58948e-07,5.37525,1.58948e-07,5.46125,1.58948e-07,5.59554,1.58948e-07,5.29191,1.58948e-07,5.41791,1.58948e-07,5.29191,1.58948e-07,5.33325,1.58948e-07,5.33325,1.58948e-07,5.33325,1.58948e-07,5.33325,1.00137e-05,5.33325,0.000693332,5.33325,0.0159764,5.33325,0.127219,5.37525,0.503434,5.33325,1.13398,5.37525,1.84004,5.37525,2.6256,5.37525,3.44776
41,6.09515,0.857608,5.78522,0.265006,5.46125,0.027629,5.33325,0.000681252,5.33325,3.02001e-06,5.37525,1.58948e-07,5.33325,1.58948e-07,5.33325,1.58948e-07,5.37525,1.58948e-07,5.33325,1.58948e-07,5.33325,1.58948e-07,5.33325,1.58948e-07,5.33325,1.58948e-07,5.33325,1.58948e-07,5.33325,1.58948e-07,5.33325,1.58948e-07,5.46125,1.58948e-07,5.37525,1.58948e-07,5.41791,1.58948e-07,5.33325,1.58948e-07,5.33325,1.58948e-07,5.33325,1.58948e-07,5.33325,1.58948e-07,5.33325,1.58948e-07,5.33325,6.23077e-05,5.33325,0.00285836,5.37525,0.0403199,5.37525,0.24398,5.37525,0.734829,5.37525,1.40464,5.37525,2.19504,5.33325,3.04757,5.33325
39,1.21469,5.93614,0.476715,5.55005,0.0937457,5.37525,0.00424678,5.37525,3.6876e-05,5.29191,6.35793e-07,5.33325,1.58948e-07,5.33325,1.58948e-07,5.33325,1.58948e-07,5.29191,1.58948e-07,5.33325,1.58948e-07,5.33325,1.58948e-07,5.33325,1.58948e-07,5.33325,1.58948e-07,5.33325,1.58948e-07,5.37525,1.58948e-07,5.37525,1.58948e-07,5.59554,1.58948e-07,5.29191,1.58948e-07,5.41791,1.58948e-07,5.2512,1.58948e-07,5.33325,1.58948e-07,5.33325,1.58948e-07,5.33325,1.58948e-07,5.37525,3.17896e-06,5.33325,0.000344759,5.29191,0.00961779,5.37525,0.0957576,5.41791,0.407556,5.37525,0.982239,5.37525,1.75942,5.37525,2.63574,5.37525,3.5555
37,6.09515,0.756825,5.73661,0.226345,5.41791,0.0201683,5.33325,0.00037019,5.33325,3.81476e-06,5.33325,1.58948e-07,5.37525,1.58948e-07,5.33325,1.58948e-07,5.33325,1.58948e-07,5.33325,1.58948e-07,5.37525,1.58948e-07,5.37525,1.58948e-07,5.33325,1.58948e-07,5.33325,1.58948e-07,5.33325,1.58948e-07,5.37525,1.58948e-07,5.59554,1.58948e-07,5.41791,1.58948e-07,5.41791,1.58948e-07,5.33325,1.58948e-07,5.33325,1.58948e-07,5.37525,1.58948e-07,5.37525,1.58948e-07,5.33325,1.58948e-07,5.37525,2.95644e-05,5.33325,0.00165767,5.33325,0.0275487,5.33325,0.194378,5.37525,0.625716,5.37525,1.31028,5.37525,2.16716,5.37525,3.10298,5.37525
35,1.10462,5.93614,0.421914,5.55005,0.0721548,5.37525,0.00288109,5.33325,1.73253e-05,5.33325,2.54317e-06,5.33325,1.58948e-07,5.33325,1.58948e-07,5.33325,1.58948e-07,5.33325,1.58948e-07,5.33325,1.58948e-07,5.37525,1.58948e-07,5.37525,1.58948e-07,5.33325,1.58948e-07,5.33325,1.58948e-07,5.33325,1.58948e-07,5.37525,1.58948e-07,5.59554,1.58948e-07,5.29191,1.58948e-07,5.46125,1.58948e-07,5.29191,1.58948e-07,5.37525,1.58948e-07,5.37525,1.58948e-07,5.33325,1.58948e-07,5.33325,1.58948e-06,5.33325,0.000179611,5.33325,0.00641896,5.33325,0.0714973,5.41791,0.343561,5.37525,0.918784,5.37525,1.69815,5.37525,2.6256,5.41791,3.63115
33,6.04121,0.686087,5.6888,0.177636,5.46125,0.0144087,5.37525,0.000202182,5.33325,1.74843e-06,5.37525,1.58948e-07,5.37525,1.58948e-07,5.37525,1.58948e-07,5.33325,1.58948e-07,5.37525,1.58948e-07,5.33325,1.58948e-07,5.33325,1.58948e-07,5.33325,1.58948e-07,5.33325,1.58948e-07,5.37525,1.58948e-07,5.33325,1.58948e-07,5.50529,1.58948e-07,5.41791,1.58948e-07,5.37525,1.58948e-07,5.33325,1.58948e-07,5.33325,1.58948e-07,5.33325,1.58948e-07,5.33325,1.58948e-07,5.33325,1.58948e-07,5.37525,1.43053e-05,5.33325,0.000946854,5.33325,0.0195011,5.37525,0.149837,5.41791,0.52512,5.37525,1.23446,5.37525,2.10696,5.33325,3.16045,5.37525
31,1.00538,5.88497,0.349901,5.50529,0.0498617,5.33325,0.00174684,5.33325,1.17622e-05,5.33325,3.17896e-07,5.33325,1.58948e-07,5.33325,1.58948e-07,5.33325,1.58948e-07,5.33325,1.58948e-07,5.33325,1.58948e-07,5.33325,1.58948e-07,5.37525,1.58948e-07,5.33325,1.58948e-07,5.33325,1.58948e-07,5.33325,1.58948e-07,5.33325,1.58948e-07,5.59554,1.58948e-07,5.33325,1.58948e-07,5.41791,1.58948e-07,5.2512,1.58948e-07,5.33325,1.58948e-07,5.33325,1.58948e-07,5.33325,1.58948e-07,5.33325,3.17896e-07,5.37525,7.74077e-05,5.37525,0.00361003,5.33325,0.0517831,5.37525,0.273939,5.37525,0.803125,5.37525,1.62537,5.37525,2.61554,5.37525,3.67019
29,6.09515,0.598296,5.64179,0.139688,5.37525,0.00924013,5.37525,0.000152431,5.33325,1.27159e-06,5.37525,1.58948e-07,5.33325,1.58948e-07,5.33325,1.58948e-07,5.33325,1.58948e-07,5.33325,1.58948e-07,5.33325,1.58948e-07,5.33325,1.58948e-07,5.33325,1.58948e-07,5.33325,1.58948e-07,5.33325,1.58948e-07,5.33325,1.58948e-07,5.50529,1.58948e-07,5.41791,1.58948e-07,5.37525,1.58948e-07,5.33325,1.58948e-07,5.33325,1.58948e-07,5.37525,1.58948e-07,5.37525,1.58948e-07,5.33325,1.58948e-07,5.33325,5.40424e-06,5.37525,0.000494806,5.37525,0.0127392,5.33325,0.112058,5.37525,0.465025,5.33325,1.1321,5.37525,2.08127,5.37525,3.16045,5.37525
27,0.935146,5.83467,0.309314,5.46125,0.0380522,5.37525,0.000997241,5.33325,7.31161e-06,5.33325,1.58948e-07,5.33325,1.58948e-07,5.33325,1.58948e-07,5.33325,1.58948e-07,5.33325,1.58948e-07,5.33325,1.58948e-07,5.37525,1.58948e-07,5.33325,1.58948e-07,5.33325,1.58948e-07,5.33325,1.58948e-07,5.33325,1.58948e-07,5.41791,1.58948e-07,5.59554,1.58948e-07,5.33325,1.58948e-07,5.41791,1.58948e-07,5.29191,1.58948e-07,5.33325,1.58948e-07,5.33325,1.58948e-07,5.33325,1.58948e-07,5.33325,1.58948e-07,5.33325,3.30612e-05,5.37525,0.0021644,5.29191,0.0362421,5.33325,0.221642,5.37525,0.725458,5.37525,1.53751,5.37525,2.60556,5.37525,3.79253
25,6.09515,0.536258,5.59554,0.112892,5.41791,0.00623856,5.37525,6.88245e-05,5.33325,1.27159e-06,5.29191,1.58948e-07,5.33325,1.58948e-07,5.33325,1.58948e-07,5.33325,1.58948e-07,5.37525,1.58948e-07,5.33325,1.58948e-07,5.33325,1.58948e-07,5.37525,1.58948e-07,5.37525,1.58948e-07,5.33325,1.58948e-07,5.33325,1.58948e-07,5.50529,1.58948e-07,5.41791,1.58948e-07,5.37525,1.58948e-07,5.33325,1.58948e-07,5.33325,1.58948e-07,5.37525,1.58948e-07,5.33325,1.58948e-07,5.33325,1.58948e-07,5.33325,2.54317e-06,5.37525,0.000244939,5.37525,0.00793819,5.33325,0.0861613,5.37525,0.398283,5.37525,1.05838,5.37525,2.08127,5.37525,3.22008,5.37525
23,0.860853,5.78522,0.252089,5.41791,0.0268498,5.33325,0.000563471,5.33325,7.47056e-06,5.37525,1.58948e-07,5.37525,1.58948e-07,5.33325,1.58948e-07,5.37525,1.58948e-07,5.37525,1.58948e-07,5.33325,1.58948e-07,5.33325,1.58948e-07,5.33325,1.58948e-07,5.33325,1.58948e-07,5.33325,1.58948e-07,5.33325,1.58948e-07,5.37525,1.58948e-07,5.59554,1.58948e-07,5.33325,1.58948e-07,5.41791,1.58948e-07,5.29191,1.58948e-07,5.33325,1.58948e-07,5.37525,1.58948e-07,5.37525,1.58948e-07,5.37525,1.58948e-07,5.33325,2.12991e-05,5.33325,0.00126698,5.33325,0.0244539,5.33325,0.174637,5.37525,0.636806,5.41791,1.49378,5.33325,2.6256,5.37525,3.87873
21,6.04121,0.468214,5.55005,0.0828768,5.37525,0.00389455,5.37525,3.11538e-05,5.33325,1.58948e-07,5.37525,1.58948e-07,5.33325,1.58948e-07,5.33325,1.58948e-07,5.37525,1.58948e-07,5.33325,1.58948e-07,5.37525,1.58948e-07,5.33325,1.58948e-07,5.37525,1.58948e-07,5.33325,1.58948e-07,5.33325,1.58948e-07,5.33325,1.58948e-07,5.55005,1.58948e-07,5.41791,1.58948e-07,5.41791,1.58948e-07,5.33325,1.58948e-07,5.33325,1.58948e-07,5.33325,1.58948e-07,5.33325,1.58948e-07,5.37525,1.58948e-07,5.33325,1.27159e-06,5.33325,0.000119847,5.33325,0.00509016,5.33325,0.0639551,5.37525,0.325695,5.37525,0.966935,5.37525,2.03172,5.37525,3.282,5.33325
19,0.77311,5.78522,0.202269,5.41791,0.0181746,5.37525,0.000319963,5.33325,4.6095e-06,5.33325,1.58948e-07,5.33325,1.58948e-07,5.33325,1.58948e-07,5.33325,1.58948e-07,5.37525,1.58948e-07,5.33325,1.58948e-07,5.33325,1.58948e-07,5.33325,1.58948e-07,5.33325,1.58948e-07,5.33325,1.58948e-07,5.37525,1.58948e-07,5.41791,1.58948e-07,5.59554,1.58948e-07,5.33325,1.58948e-07,5.46125,1.58948e-07,5.29191,1.58948e-07,5.33325,1.58948e-07,5.37525,1.58948e-07,5.33325,1.58948e-07,5.37525,1.58948e-07,5.33325,6.35793e-06,5.37525,0.000600665,5.33325,0.0157316,5.33325,0.134832,5.37525,0.561857,5.37525,1.4222,5.37525,2.66663,5.37525,3.90089
17,6.04121,0.422959,5.55005,0.0648235,5.37525,0.00246084,5.29191,2.54317e-05,5.33325,6.35793e-07,5.33325,1.58948e-07,5.33325,1.58948e-07,5.33325,1.58948e-07,5.33325,1.58948e-07,5.37525,1.58948e-07,5.33325,1.58948e-07,5.33325,1.58948e-07,5.37525,1.58948e-07,5.33325,1.58948e-07,5.33325,1.58948e-07,5.33325,1.58948e-07,5.50529,1.58948e-07,5.41791,1.58948e-07,5.41791,1.58948e-07,5.33325,1.58948e-07,5.29191,1.58948e-07,5.33325,1.58948e-07,5.29191,1.58948e-07,5.33325,1.58948e-07,5.33325,1.58948e-07,5.33325,5.13403e-05,5.33325,0.00275092,5.33325,0.0449589,5.33325,0.271866,5.41791,0.921263,5.37525,2.01374,5.37525,3.33003,5.37525
15,0.734039,5.73661,0.167935,5.41791,0.0123145,5.33325,0.000204566,5.33325,2.70212e-06,5.33325,1.58948e-07,5.33325,1.58948e-07,5.33325,1.58948e-07,5.33325,1.58948e-07,5.33325,1.58948e-07,5.37525,1.58948e-07,5.33325,1.58948e-07,5.33325,1.58948e-07,5.37525,1.58948e-07,5.33325,1.58948e-07,5.33325,1.58948e-07,5.37525,1.58948e-07,5.55005,1.58948e-07,5.29191,1.58948e-07,5.46125,1.58948e-07,5.2512,1.58948e-07,5.33325,1.58948e-07,5.33325,1.58948e-07,5.33325,1.58948e-07,5.33325,1.58948e-07,5.33325,3.02001e-06,5.33325,0.000335381,5.33325,0.0107036,5.33325,0.105235,5.37525,0.506422,5.33325,1.3819,5.37525,2.67708,5.37525,3.96893
13,6.04121,0.372426,5.50529,0.048357,5.37525,0.0014016,5.37525,1.41464e-05,5.33325,1.27159e-06,5.37525,1.58948e-07,5.37525,1.58948e-07,5.37525,1.58948e-07,5.33325,1.58948e-07,5.33325,1.58948e-07,5.37525,1.58948e-07,5.37525,1.58948e-07,5.33325,1.58948e-07,5.33325,1.58948e-07,5.37525,1.58948e-07,5.33325,1.58948e-07,5.50529,1.58948e-07,5.37525,1.58948e-07,5.37525,1.58948e-07,5.33325,1.58948e-07,5.29191,1.58948e-07,5.33325,1.58948e-07,5.37525,1.58948e-07,5.33325,1.58948e-07,5.33325,1.58948e-07,5.33325,2.25706e-05,5.33325,0.00166832,5.33325,0.0328279,5.37525,0.231644,5.37525,0.849075,5.37525,1.94489,5.37525,3.31387,5.37525
11,0.692349,5.6888,0.147442,5.41791,0.00870782,5.37525,0.00011937,5.33325,1.74843e-06,5.37525,1.58948e-07,5.37525,1.58948e-07,5.33325,1.58948e-07,5.33325,1.58948e-07,5.37525,1.58948e-07,5.37525,1.58948e-07,5.33325,1.58948e-07,5.33325,1.58948e-07,5.37525,1.58948e-07,5.33325,1.58948e-07,5.37525,1.58948e-07,5.46125,1.58948e-07,5.64179,1.58948e-07,5.33325,1.58948e-07,5.37525,1.58948e-07,5.29191,1.58948e-07,5.33325,1.58948e-07,5.37525,1.58948e-07,5.37525,1.58948e-07,5.37525,1.58948e-07,5.33325,7.94741e-07,5.33325,0.000196778,5.29191,0.00710355,5.33325,0.0872293,5.33325,0.451492,5.37525,1.3708,5.37525,2.66663,5.37525,4.01562
9,5.98821,0.338787,5.46125,0.0367019,5.33325,0.000950987,5.33325,1.27159e-05,5.37525,1.58948e-07,5.37525,1.58948e-07,5.37525,1.58948e-07,5.37525,1.58948e-07,5.33325,1.58948e-07,5.37525,1.58948e-07,5.33325,1.58948e-07,5.37525,1.58948e-07,5.33325,1.58948e-07,5.33325,1.58948e-07,5.33325,1.58948e-07,5.33325,1.58948e-07,5.50529,1.58948e-07,5.46125,1.58948e-07,5.37525,1.58948e-07,5.29191,1.58948e-07,5.33325,1.58948e-07,5.33325,1.58948e-07,5.33325,1.58948e-07,5.33325,1.58948e-07,5.37525,1.58948e-07,5.33325,1.06495e-05,5.33325,0.000940178,5.33325,0.0242705,5.37525,0.208891,5.37525,0.828466,5.41791,2.00781,5.37525,3.41328,5.37525
7,0.672568,5.64179,0.123268,5.37525,0.00623013,5.33325,8.32888e-05,5.33325,2.54317e-06,5.37525,1.58948e-07,5.33325,1.58948e-07,5.33325,1.58948e-07,5.33325,1.58948e-07,5.37525,1.58948e-07,5.33325,1.58948e-07,5.37525,1.58948e-07,5.33325,1.58948e-07,5.37525,1.58948e-07,5.33325,1.58948e-07,5.33325,1.58948e-07,5.41791,1.58948e-07,5.59554,1.58948e-07,5.29191,1.58948e-07,5.46125,1.58948e-07,5.2512,1.58948e-07,5.37525,1.58948e-07,5.33325,1.58948e-07,5.37525,1.58948e-07,5.33325,1.58948e-07,5.33325,3.17896e-07,5.33325,8.69446e-05,5.37525,0.00469072,5.33325,0.0748034,5.37525,0.44386,5.37525,1.34117,5.37525,2.69825,5.37525,4.03939
5,5.98821,0.313289,5.50529,0.03203,5.33325,0.000710975,5.33325,9.53689e-06,5.33325,6.35793e-07,5.33325,1.58948e-07,5.33325,1.58948e-07,5.33325,1.58948e-07,5.37525,1.58948e-07,5.33325,1.58948e-07,5.37525,1.58948e-07,5.33325,1.58948e-07,5.33325,1.58948e-07,5.37525,1.58948e-07,5.33325,1.58948e-07,5.37525,1.58948e-07,5.55005,1.58948e-07,5.46125,1.58948e-07,5.41791,1.58948e-07,5.33325,1.58948e-07,5.33325,1.58948e-07,5.33325,1.58948e-07,5.33325,1.58948e-07,5.33325,1.58948e-07,5.33325,1.58948e-07,5.33325,4.76844e-06,5.33325,0.000611156,5.37525,0.0182758,5.33325,0.18662,5.37525,0.798428,5.37525,1.96731,5.41791,3.43043,5.37525
3,0.642198,5.64179,0.116098,5.37525,0.00535798,5.33325,7.40698e-05,5.33325,3.9737e-06,5.33325,3.17896e-07,5.33325,1.58948e-07,5.37525,1.58948e-07,5.33325,1.58948e-07,5.37525,1.58948e-07,5.33325,1.58948e-07,5.37525,1.58948e-07,5.33325,1.58948e-07,5.37525,1.58948e-07,5.37525,1.58948e-07,5.41791,1.58948e-07,5.37525,1.58948e-07,5.59554,1.58948e-07,5.29191,1.58948e-07,5.46125,1.58948e-07,5.2512,1.58948e-07,5.33325,1.58948e-07,5.33325,1.58948e-07,5.33325,1.58948e-07,5.33325,1.58948e-07,5.33325,1.58948e-07,5.33325,5.05455e-05,5.33325,0.0032702,5.33325,0.063752,5.37525,0.403939,5.37525,1.29783,5.37525,2.67708,5.33325,4.03939
1,5.98821,0.309454,5.46125,0.0291285,5.37525,0.000649303,5.33325,1.17622e-05,5.33325,1.58948e-07,5.37525,1.58948e-07,5.33325,1.58948e-07,5.37525,1.58948e-07,5.33325,1.58948e-07,5.33325,1.58948e-07,5.33325,1.58948e-07,5.33325,1.58948e-07,5.33325,1.58948e-07,5.33325,1.58948e-07,5.33325,1.58948e-07,5.37525,1.58948e-07,5.50529,1.58948e-07,5.41791,1.58948e-07,5.37525,1.58948e-07,5.33325,1.58948e-07,5.33325,1.58948e-07,5.33325,1.58948e-07,5.33325,1.58948e-07,5.33325,1.58948e-07,5.33325,1.58948e-07,5.37525,2.38422e-06,5.37525,0.000396258,5.33325,0.0158765,5.37525,0.175175,5.37525,0.791945,5.37525,1.96166,5.37525,3.3963,5.37525
-1,0.646455,5.64179,0.110213,5.37525,0.00528471,5.37525,9.37794e-05,5.37525,2.54317e-06,5.33325,1.58948e-07,5.33325,1.58948e-07,5.33325,1.58948e-07,5.33325,1.58948e-07,5.33325,1.58948e-07,5.33325,1.58948e-07,5.33325,1.58948e-07,5.33325,1.58948e-07,5.33325,1.58948e-07,5.37525,1.58948e-07,5.33325,1.58948e-07,5.41791,1.58948e-07,5.59554,1.58948e-07,5.29191,1.58948e-07,5.46125,1.58948e-07,5.29191,1.58948e-07,5.33325,1.58948e-07,5.33325,1.58948e-07,5.33325,1.58948e-07,5.33325,1.58948e-07,5.33325,1.58948e-07,5.33325,4.18034e-05,5.37525,0.00306865,5.33325,0.0621105,5.37525,0.420355,5.37525,1.34381,5.41791,2.73062,5.37525,4.06343
-3,5.93614,0.304485,5.46125,0.0302918,5.33325,0.000862135,5.33325,1.81201e-05,5.33325,1.11264e-06,5.37525,1.58948e-07,5.33325,1.58948e-07,5.33325,1.58948e-07,5.37525,1.58948e-07,5.37525,1.58948e-07,5.37525,1.58948e-07,5.37525,1.58948e-07,5.33325,1.58948e-07,5.33325,1.58948e-07,5.33325,1.58948e-07,5.29191,1.58948e-07,5.50529,1.58948e-07,5.41791,1.58948e-07,5.37525,1.58948e-07,5.29191,1.58948e-07,5.33325,1.58948e-07,5.33325,1.58948e-07,5.33325,1.58948e-07,5.33325,1.58948e-07,5.33325,1.58948e-07,5.33325,2.54317e-06,5.33325,0.000396417,5.33325,0.0168824,5.33325,0.187853,5.41791,0.802181,5.37525,1.96166,5.41791,3.41328,5.37525
-5,0.658935,5.6888,0.116276,5.37525,0.00635077,5.33325,0.000131132,5.33325,7.15267e-06,5.33325,7.94741e-07,5.37525,1.58948e-07,5.33325,1.58948e-07,5.37525,1.58948e-07,5.37525,1.58948e-07,5.37525,1.58948e-07,5.33325,1.58948e-07,5.33325,1.58948e-07,5.37525,1.58948e-07,5.37525,1.58948e-07,5.37525,1.58948e-07,5.37525,1.58948e-07,5.59554,1.58948e-07,5.33325,1.58948e-07,5.41791,1.58948e-07,5.29191,1.58948e-07,5.33325,1.58948e-07,5.37525,1.58948e-07,5.33325,1.58948e-07,5.33325,1.58948e-07,5.33325,3.17896e-07,5.33325,5.48371e-05,5.33325,0.0035927,5.33325,0.0687192,5.33325,0.425066,5.37525,1.3128,5.37525,2.73062,5.37525,4.06343
-7,5.93614,0.313289,5.46125,0.0333507,5.37525,0.00112821,5.33325,2.97233e-05,5.33325,9.53689e-07,5.33325,1.58948e-07,5.33325,1.58948e-07,5.33325,1.58948e-07,5.33325,1.58948e-07,5.33325,1.58948e-07,5.33325,1.58948e-07,5.33325,1.58948e-07,5.33325,1.58948e-07,5.33325,1.58948e-07,5.37525,1.58948e-07,5.37525,1.58948e-07,5.50529,1.58948e-07,5.41791,1.58948e-07,5.41791,1.58948e-07,5.33325,1.58948e-07,5.33325,1.58948e-07,5.33325,1.58948e-07,5.33325,1.58948e-07,5.33325,1.58948e-07,5.33325,1.58948e-07,5.37525,7.31161e-06,5.33325,0.000644853,5.33325,0.0195486,5.33325,0.20494,5.37525,0.830482,5.37525,1.97299,5.37525,3.37949,5.37525
-9,0.673231,5.64179,0.130328,5.37525,0.00856572,5.33325,0.000183426,5.37525,8.10636e-06,5.33325,1.58948e-07,5.33325,1.58948e-07,5.33325,1.58948e-07,5.37525,1.58948e-07,5.37525,1.58948e-07,5.37525,1.58948e-07,5.33325,1.58948e-07,5.33325,1.58948e-07,5.33325,1.58948e-07,5.33325,1.58948e-07,5.37525,1.58948e-07,5.41791,1.58948e-07,5.59554,1.58948e-07,5.29191,1.58948e-07,5.46125,1.58948e-07,5.29191,1.58948e-07,5.33325,1.58948e-07,5.33325,1.58948e-07,5.33325,1.58948e-07,5.33325,1.58948e-07,5.33325,6.35793e-07,5.33325,0.00011333,5.37525,0.00583054,5.33325,0.0833524,5.37525,0.462818,5.37525,1.35987,5.41791,2.66663,5.37525,3.99214
-11,5.98821,0.343216,5.50529,0.040615,5.33325,0.00158138,5.37525,3.81476e-05,5.33325,2.70212e-06,5.37525,1.58948e-07,5.37525,1.58948e-07,5.33325,1.58948e-07,5.33325,1.58948e-07,5.37525,1.58948e-07,5.33325,1.58948e-07,5.33325,1.58948e-07,5.37525,1.58948e-07,5.33325,1.58948e-07,5.33325,1.58948e-07,5.33325,1.58948e-07,5.50529,1.58948e-07,5.41791,1.58948e-07,5.37525,1.58948e-07,5.29191,1.58948e-07,5.33325,1.58948e-07,5.33325,1.58948e-07,5.33325,1.58948e-07,5.33325,1.58948e-07,5.33325,1.58948e-07,5.33325,1.31927e-05,5.33325,0.0012096,5.33325,0.0288479,5.37525,0.230238,5.37525,0.851192,5.37525,1.98447,5.37525,3.37949,5.37525
-13,0.698013,5.64179,0.147825,5.37525,0.0114721,5.33325,0.000287537,5.33325,9.69584e-06,5.33325,4.76844e-07,5.37525,1.58948e-07,5.33325,1.58948e-07,5.37525,1.58948e-07,5.37525,1.58948e-07,5.33325,1.58948e-07,5.37525,1.58948e-07,5.37525,1.58948e-07,5.33325,1.58948e-07,5.33325,1.58948e-07,5.37525,1.58948e-07,5.41791,1.58948e-07,5.55005,1.58948e-07,5.29191,1.58948e-07,5.46125,1.58948e-07,5.29191,1.58948e-07,5.33325,1.58948e-07,5.37525,1.58948e-07,5.33325,1.58948e-07,5.33325,1.58948e-07,5.33325,9.53689e-07,5.33325,0.000220461,5.37525,0.00871576,5.37525,0.108015,5.33325,0.499018,5.37525,1.40754,5.37525,2.67708,5.37525,3.96893
-15,5.98821,0.372426,5.50529,0.0519881,5.33325,0.00253459,5.33325,5.2135e-05,5.33325,2.38422e-06,5.33325,4.76844e-07,5.33325,1.58948e-07,5.33325,1.58948e-07,5.33325,1.58948e-07,5.37525,1.58948e-07,5.33325,1.58948e-07,5.33325,1.58948e-07,5.37525,1.58948e-07,5.33325,1.58948e-07,5.33325,1.58948e-07,5.33325,1.58948e-07,5.55005,1.58948e-07,5.41791,1.58948e-07,5.37525,1.58948e-07,5.29191,1.58948e-07,5.33325,1.58948e-07,5.37525,1.58948e-07,5.37525,1.58948e-07,5.33325,1.58948e-07,5.33325,1.58948e-07,5.33325,2.98823e-05,5.33325,0.00217362,5.33325,0.0406537,5.37525,0.270573,5.33325,0.920022,5.37525,2.04388,5.41791,3.33003,5.37525
-17,0.711842,5.6888,0.1674,5.41791,0.015189,5.37525,0.000466513,5.33325,1.51001e-05,5.33325,1.58948e-07,5.33325,1.58948e-07,5.37525,1.58948e-07,5.33325,1.58948e-07,5.37525,1.58948e-07,5.37525,1.58948e-07,5.33325,1.58948e-07,5.33325,1.58948e-07,5.33325,1.58948e-07,5.33325,1.58948e-07,5.37525,1.58948e-07,5.33325,1.58948e-07,5.64179,1.58948e-07,5.33325,1.58948e-07,5.41791,1.58948e-07,5.2512,1.58948e-07,5.33325,1.58948e-07,5.33325,1.58948e-07,5.37525,1.58948e-07,5.33325,1.58948e-07,5.33325,4.2916e-06,5.33325,0.00040945,5.33325,0.0135437,5.33325,0.129635,5.33325,0.567934,5.37525,1.45867,5.37525,2.64595,5.37525,3.92331
-19,5.98821,0.409512,5.55005,0.0661104,5.37525,0.00372861,5.33325,8.31299e-05,5.33325,5.24529e-06,5.33325,4.76844e-07,5.33325,1.58948e-07,5.33325,1.58948e-07,5.33325,1.58948e-07,5.33325,1.58948e-07,5.33325,1.58948e-07,5.37525,1.58948e-07,5.37525,1.58948e-07,5.37525,1.58948e-07,5.33325,1.58948e-07,5.37525,1.58948e-07,5.50529,1.58948e-07,5.41791,1.58948e-07,5.41791,1.58948e-07,5.29191,1.58948e-07,5.37525,1.58948e-07,5.33325,1.58948e-07,5.33325,1.58948e-07,5.33325,1.58948e-07,5.37525,6.35793e-07,5.33325,7.08909e-05,5.41791,0.00370317,5.37525,0.0576665,5.33325,0.325695,5.33325,0.982239,5.37525,2.03778,5.41791,3.29786,5.37525
-21,0.795637,5.73661,0.197471,5.41791,0.0210872,5.33325,0.000714472,5.37525,1.36695e-05,5.33325,3.17896e-07,5.33325,1.58948e-07,5.33325,1.58948e-07,5.33325,1.58948e-07,5.33325,1.58948e-07,5.33325,1.58948e-07,5.37525,1.58948e-07,5.33325,1.58948e-07,5.37525,1.58948e-07,5.37525,1.58948e-07,5.33325,1.58948e-07,5.41791,1.58948e-07,5.64179,1.58948e-07,5.33325,1.58948e-07,5.46125,1.58948e-07,5.29191,1.58948e-07,5.33325,1.58948e-07,5.33325,1.58948e-07,5.33325,1.58948e-07,5.37525,1.58948e-07,5.37525,9.21899e-06,5.33325,0.000782184,5.33325,0.0203178,5.37525,0.169394,5.37525,0.632089,5.41791,1.49052,5.37525,2.67708,5.37525,3.90089
-23,5.98821,0.456321,5.55005,0.085707,5.37525,0.00541632,5.33325,0.000116827,5.33325,4.13265e-06,5.33325,3.17896e-07,5.33325,1.58948e-07,5.33325,1.58948e-07,5.33325,1.58948e-07,5.29191,1.58948e-07,5.33325,1.58948e-07,5.33325,1.58948e-07,5.33325,1.58948e-07,5.37525,1.58948e-07,5.33325,1.58948e-07,5.37525,1.58948e-07,5.50529,1.58948e-07,5.41791,1.58948e-07,5.41791,1.58948e-07,5.29191,1.58948e-07,5.33325,1.58948e-07,5.33325,1.58948e-07,5.33325,1.58948e-07,5.33325,1.58948e-07,5.33325,1.11264e-06,5.33325,0.000156882,5.33325,0.00647237,5.33325,0.0819024,5.37525,0.395513,5.37525,1.06167,5.41791,2.06866,5.37525,3.25074,5.37525
-25,0.864122,5.78522,0.242421,5.46125,0.0283695,5.37525,0.00111343,5.33325,2.00275e-05,5.33325,1.27159e-06,5.33325,1.58948e-07,5.33325,1.58948e-07,5.33325,1.58948e-07,5.33325,1.58948e-07,5.33325,1.58948e-07,5.33325,1.58948e-07,5.33325,1.58948e-07,5.33325,1.58948e-07,5.33325,1.58948e-07,5.33325,1.58948e-07,5.37525,1.58948e-07,5.59554,1.58948e-07,5.29191,1.58948e-07,5.41791,1.58948e-07,5.2512,1.58948e-07,5.33325,1.58948e-07,5.33325,1.58948e-07,5.37525,1.58948e-07,5.33325,1.58948e-07,5.33325,1.95506e-05,5.33325,0.00151795,5.37525,0.0314791,5.33325,0.222945,5.33325,0.722388,5.37525,1.54797,5.37525,2.64595,5.41791,3.83515
-27,6.04121,0.528781,5.59554,0.108084,5.37525,0.00817597,5.37525,0.000204089,5.33325,6.67582e-06,5.33325,4.76844e-07,5.33325,1.58948e-07,5.33325,1.58948e-07,5.37525,1.58948e-07,5.33325,1.58948e-07,5.33325,1.58948e-07,5.37525,1.58948e-07,5.33325,1.58948e-07,5.37525,1.58948e-07,5.37525,1.58948e-07,5.33325,1.58948e-07,5.50529,1.58948e-07,5.46125,1.58948e-07,5.37525,1.58948e-07,5.33325,1.58948e-07,5.33325,1.58948e-07,5.33325,1.58948e-07,5.33325,1.58948e-07,5.33325,1.58948e-07,5.33325,1.27159e-06,5.33325,0.000290716,5.33325,0.0101921,5.33325,0.108548,5.37525,0.459701,5.33325,1.13587,5.37525,2.08127,5.37525,3.23534,5.37525
-29,0.912642,5.83467,0.281973,5.50529,0.0377534,5.37525,0.00148092,5.33325,3.9896e-05,5.37525,1.58948e-06,5.33325,1.58948e-07,5.37525,1.58948e-07,5.33325,1.58948e-07,5.33325,1.58948e-07,5.33325,1.58948e-07,5.33325,1.58948e-07,5.33325,1.58948e-07,5.33325,1.58948e-07,5.37525,1.58948e-07,5.37525,1.58948e-07,5.37525,1.58948e-07,5.59554,1.58948e-07,5.2512,1.58948e-07,5.41791,1.58948e-07,5.29191,1.58948e-07,5.33325,1.58948e-07,5.37525,1.58948e-07,5.33325,1.58948e-07,5.33325,1.58948e-07,5.33325,4.81613e-05,5.33325,0.00262598,5.37525,0.045287,5.37525,0.267499,5.37525,0.797496,5.33325,1.61384,5.37525,2.61554,5.37525,3.77158
-31,6.04121,0.590023,5.64179,0.141483,5.37525,0.0109764,5.33325,0.000282769,5.37525,1.09674e-05,5.33325,1.58948e-07,5.33325,1.58948e-07,5.33325,1.58948e-07,5.33325,1.58948e-07,5.33325,1.58948e-07,5.33325,1.58948e-07,5.33325,1.58948e-07,5.33325,1.58948e-07,5.33325,1.58948e-07,5.37525,1.58948e-07,5.37525,1.58948e-07,5.50529,1.58948e-07,5.50529,1.58948e-07,5.37525,1.58948e-07,5.33325,1.58948e-07,5.33325,1.58948e-07,5.33325,1.58948e-07,5.33325,1.58948e-07,5.33325,1.58948e-07,5.33325,3.65581e-06,5.37525,0.000577141,5.33325,0.0167305,5.33325,0.147889,5.37525,0.52151,5.37525,1.21686,5.37525,2.11349,5.33325,3.17515,5.37525
-33,1.03433,5.88497,0.340987,5.50529,0.0511391,5.37525,0.00251011,5.33325,4.40286e-05,5.33325,2.06633e-06,5.33325,1.58948e-07,5.33325,1.58948e-07,5.33325,1.58948e-07,5.37525,1.58948e-07,5.33325,1.58948e-07,5.33325,1.58948e-07,5.33325,1.58948e-07,5.29191,1.58948e-07,5.37525,1.58948e-07,5.33325,1.58948e-07,5.37525,1.58948e-07,5.59554,1.58948e-07,5.29191,1.58948e-07,5.46125,1.58948e-07,5.29191,1.58948e-07,5.33325,1.58948e-07,5.33325,1.58948e-07,5.33325,1.58948e-07,5.33325,6.35793e-07,5.33325,9.72763e-05,5.37525,0.00475636,5.33325,0.0675095,5.33325,0.344081,5.33325,0.897052,5.41791,1.68557,5.37525,2.6256,5.37525,3.67019
-35,5.98821,0.67926,5.64179,0.174325,5.46125,0.0157323,5.33325,0.000440127,5.33325,1.12853e-05,5.37525,1.90738e-06,5.33325,1.58948e-07,5.33325,1.58948e-07,5.33325,1.58948e-07,5.33325,1.58948e-07,5.37525,1.58948e-07,5.33325,1.58948e-07,5.33325,1.58948e-07,5.37525,1.58948e-07,5.37525,1.58948e-07,5.33325,1.58948e-07,5.50529,1.58948e-07,5.41791,1.58948e-07,5.37525,1.58948e-07,5.29191,1.58948e-07,5.33325,1.58948e-07,5.33325,1.58948e-07,5.37525,1.58948e-07,5.33325,1.58948e-07,5.29191,1.25569e-05,5.33325,0.00107401,5.33325,0.0254589,5.33325,0.188215,5.37525,0.625716,5.37525,1.30527,5.37525,2.13999,5.37525,3.13145,5.37525
-37,1.08703,5.88497,0.399916,5.50529,0.0654011,5.37525,0.00367599,5.33325,6.85067e-05,5.33325,4.2916e-06,5.33325,1.58948e-07,5.33325,1.58948e-07,5.33325,1.58948e-07,5.33325,1.58948e-07,5.37525,1.58948e-07,5.33325,1.58948e-07,5.33325,1.58948e-07,5.33325,1.58948e-07,5.33325,1.58948e-07,5.37525,1.58948e-07,5.41791,1.58948e-07,5.59554,1.58948e-07,5.29191,1.58948e-07,5.41791,1.58948e-07,5.33325,1.58948e-07,5.37525,1.58948e-07,5.33325,1.58948e-07,5.33325,1.58948e-07,5.33325,1.74843e-06,5.33325,0.000208858,5.33325,0.00769579,5.33325,0.0903343,5.37525,0.40251,5.37525,0.965568,5.37525,1.73704,5.37525,2.61554,5.37525,3.59293
-39,6.04121,0.779288,5.6888,0.207117,5.46125,0.0217795,5.33325,0.000655343,5.33325,1.20801e-05,5.33325,4.76844e-07,5.33325,1.58948e-07,5.33325,1.58948e-07,5.33325,1.58948e-07,5.37525,1.58948e-07,5.33325,1.58948e-07,5.33325,1.58948e-07,5.33325,1.58948e-07,5.37525,1.58948e-07,5.33325,1.58948e-07,5.33325,1.58948e-07,5.50529,1.58948e-07,5.41791,1.58948e-07,5.41791,1.58948e-07,5.33325,1.58948e-07,5.29191,1.58948e-07,5.37525,1.58948e-07,5.37525,1.58948e-07,5.33325,1.58948e-07,5.33325,2.87696e-05,5.33325,0.00201673,5.33325,0.0365526,5.37525,0.244067,5.37525,0.715573,5.33325,1.39603,5.37525,2.15349,5.37525,3.06124,5.37525
-41,1.21469,5.88497,0.480068,5.55005,0.0865766,5.37525,0.00552456,5.33325,0.000111264,5.33325,7.62951e-06,5.37525,1.58948e-07,5.33325,1.58948e-07,5.33325,1.58948e-07,5.33325,1.58948e-07,5.33325,1.58948e-07,5.37525,1.58948e-07,5.37525,1.58948e-07,5.37525,1.58948e-07,5.37525,1.58948e-07,5.33325,1.58948e-07,5.37525,1.58948e-07,5.59554,1.58948e-07,5.29191,1.58948e-07,5.41791,1.58948e-07,5.29191,1.58948e-07,5.33325,1.58948e-07,5.33325,1.58948e-07,5.33325,1.58948e-07,5.29191,4.2916e-06,5.33325,0.000410404,5.33325,0.0125993,5.33325,0.118086,5.37525,0.498653,5.37525,1.09752,5.41791,1.80597,5.37525,2.59565,5.37525,3.51885
-43,6.04121,0.84802,5.73661,0.255964,5.41791,0.0306495,5.33325,0.0010667,5.33325,2.78159e-05,5.33325,2.06633e-06,5.33325,1.58948e-07,5.33325,1.58948e-07,5.37525,1.58948e-07,5.37525,1.58948e-07,5.33325,1.58948e-07,5.33325,1.58948e-07,5.37525,1.58948e-07,5.33325,1.58948e-07,5.33325,1.58948e-07,5.33325,1.58948e-07,5.50529,1.58948e-07,5.41791,1.58948e-07,5.41791,1.58948e-07,5.29191,1.58948e-07,5.33325,1.58948e-07,5.33325,1.58948e-07,5.33325,1.58948e-07,5.33325,4.76844e-07,5.37525,7.48646e-05,5.33325,0.0037863,5.33325,0.0557726,5.33325,0.30166,5.37525,0.833524,5.37525,1.53406,5.37525,2.21642,5.37525,3.04757,5.33325
-45,1.33071,5.98821,0.575111,5.59554,0.121577,5.37525,0.00844396,5.37525,0.000214262,5.37525,2.54317e-06,5.33325,1.58948e-07,5.33325,1.58948e-07,5.37525,1.58948e-07,5.37525,1.58948e-07,5.33325,1.58948e-07,5.33325,1.58948e-07,5.37525,1.58948e-07,5.37525,1.58948e-07,5.33325,1.58948e-07,5.33325,1.58948e-07,5.41791,1.58948e-07,5.55005,1.58948e-07,5.29191,1.58948e-07,5.46125,1.58948e-07,5.29191,1.58948e-07,5.33325,1.58948e-07,5.37525,1.58948e-07,5.33325,1.58948e-07,5.33325,8.42425e-06,5.33325,0.00085371,5.33325,0.0217642,5.37525,0.166056,5.33325,0.598821,5.37525,1.2234,5.37525,1.89101,5.37525,2.61554,5.33325,3.41328
-47,6.09515,0.975223,5.78522,0.318403,5.46125,0.0439459,5.37525,0.00183712,5.33325,3.94191e-05,5.33325,4.13265e-06,5.37525,1.58948e-07,5.33325,1.58948e-07,5.33325,1.58948e-07,5.33325,1.58948e-07,5.33325,1.58948e-07,5.33325,1.58948e-07,5.33325,1.58948e-07,5.33325,1.58948e-07,5.33325,1.58948e-07,5.33325,1.58948e-07,5.50529,1.58948e-07,5.37525,1.58948e-07,5.37525,1.58948e-07,5.33325,1.58948e-07,5.37525,1.58948e-07,5.33325,1.58948e-07,5.33325,1.58948e-07,5.33325,9.53689e-07,5.33325,0.000175797,5.33325,0.00678629,5.33325,0.0801146,5.37525,0.384162,5.37525,0.952101,5.37525,1.59127,5.37525,2.25299,5.37525,2.99411,5.37525
-49,1.42517,5.98821,0.658935,5.64179,0.152243,5.37525,0.0120095,5.33325,0.000312174,5.37525,1.43053e-05,5.33325,1.58948e-07,5.33325,1.58948e-07,5.37525,1.58948e-07,5.37525,1.58948e-07,5.33325,1.58948e-07,5.37525,1.58948e-07,5.33325,1.58948e-07,5.33325,1.58948e-07,5.33325,1.58948e-07,5.33325,1.58948e-07,5.37525,1.58948e-07,5.55005,1.58948e-07,5.29191,1.58948e-07,5.41791,1.58948e-07,5.29191,1.58948e-07,5.33325,1.58948e-07,5.33325,1.58948e-07,5.33325,1.58948e-07,5.33325,2.27296e-05,5.33325,0.00171966,5.33325,0.0321341,5.37525,0.223602,5.37525,0.688856,5.37525,1.32042,5.37525,1.94489,5.37525,2.61554,5.37525,3.33003
-51,5.98821,1.07505,5.83467,0.379253,5.50529,0.0581975,5.37525,0.00280909,5.33325,5.89698e-05,5.33325,9.53689e-07,5.33325,1.58948e-07,5.37525,1.58948e-07,5.37525,1.58948e-07,5.33325,1.58948e-07,5.33325,1.58948e-07,5.33325,1.58948e-07,5.33325,1.58948e-07,5.33325,1.58948e-07,5.33325,1.58948e-07,5.33325,1.58948e-07,5.50529,1.58948e-07,5.41791,1.58948e-07,5.37525,1.58948e-07,5.33325,1.58948e-07,5.33325,1.58948e-07,5.37525,1.58948e-07,5.37525,1.58948e-07,5.33325,3.02001e-06,5.33325,0.000353978,5.33325,0.01063,5.37525,0.111164,5.33325,0.453592,5.41791,1.05838,5.37525,1.67729,5.37525,2.28313,5.37525,2.96807,5.37525
-53,1.53751,5.98821,0.727779,5.6888,0.190208,5.41791,0.0178528,5.33325,0.000472712,5.33325,1.55769e-05,5.33325,2.06633e-06,5.33325,1.58948e-07,5.33325,1.58948e-07,5.37525,1.58948e-07,5.33325,1.58948e-07,5.37525,1.58948e-07,5.33325,1.58948e-07,5.37525,1.58948e-07,5.33325,1.58948e-07,5.37525,1.58948e-07,5.37525,1.58948e-07,5.59554,1.58948e-07,5.33325,1.58948e-07,5.41791,1.58948e-07,5.2512,1.58948e-07,5.33325,1.58948e-07,5.33325,1.58948e-07,5.37525,3.17896e-07,5.33325,5.86519e-05,5.33325,0.00308725,5.33325,0.0486015,5.33325,0.275154,5.33325,0.785565,5.37525,1.41924,5.37525,2.01969,5.33325,2.61554,5.37525,3.282
-55,6.04121,1.17903,5.88497,0.449116,5.55005,0.0734908,5.37525,0.0038111,5.33325,8.59909e-05,5.37525,6.19898e-06,5.37525,1.58948e-07,5.33325,1.58948e-07,5.33325,1.58948e-07,5.33325,1.58948e-07,5.37525,1.58948e-07,5.37525,1.58948e-07,5.33325,1.58948e-07,5.33325,1.58948e-07,5.33325,1.58948e-07,5.37525,1.58948e-07,5.55005,1.58948e-07,5.41791,1.58948e-07,5.41791,1.58948e-07,5.29191,1.58948e-07,5.37525,1.58948e-07,5.33325,1.58948e-07,5.33325,1.58948e-07,5.37525,7.15267e-06,5.33325,0.000687928,5.33325,0.0174405,5.33325,0.146399,5.37525,0.541791,5.37525,1.16893,5.33325,1.76854,5.37525,2.32988,5.37525,2.91733,5.33325
-57,1.61384,5.98821,0.844872,5.73661,0.230861,5.41791,0.0235545,5.33325,0.000726393,5.33325,1.78022e-05,5.37525,9.53689e-07,5.33325,1.58948e-07,5.33325,1.58948e-07,5.33325,1.58948e-07,5.33325,1.58948e-07,5.33325,1.58948e-07,5.33325,1.58948e-07,5.33325,1.58948e-07,5.33325,1.58948e-07,5.37525,1.58948e-07,5.37525,1.58948e-07,5.59554,1.58948e-07,5.33325,1.58948e-07,5.41791,1.58948e-07,5.2512,1.58948e-07,5.33325,1.58948e-07,5.33325,1.58948e-07,5.33325,7.94741e-07,5.37525,0.000127476,5.33325,0.00542951,5.37525,0.0709032,5.37525,0.344428,5.37525,0.860853,5.37525,1.50365,5.37525,2.07494,5.37525,2.6256,5.37525,3.22008
-59,5.93614,1.30527,5.93614,0.538797,5.59554,0.0991224,5.41791,0.00564631,5.37525,0.000129861,5.33325,7.62951e-06,5.33325,1.58948e-07,5.37525,1.58948e-07,5.33325,1.58948e-07,5.33325,1.58948e-07,5.33325,1.58948e-07,5.33325,1.58948e-07,5.33325,1.58948e-07,5.37525,1.58948e-07,5.33325,1.58948e-07,5.33325,1.58948e-07,5.50529,1.58948e-07,5.46125,1.58948e-07,5.37525,1.58948e-07,5.33325,1.58948e-07,5.33325,1.58948e-07,5.33325,1.58948e-07,5.33325,1.58948e-07,5.33325,2.12991e-05,5.37525,0.00135853,5.33325,0.0280709,5.37525,0.194212,5.37525,0.64953,5.33325,1.24572,5.33325,1.82528,5.37525,2.35399,5.37525,2.89261,5.37525
-61,1.74592,5.98821,0.975223,5.73661,0.292609,5.46125,0.0343475,5.33325,0.00119926,5.33325,2.22527e-05,5.33325,1.11264e-06,5.33325,1.58948e-07,5.37525,1.58948e-07,5.37525,1.58948e-07,5.37525,1.58948e-07,5.37525,1.58948e-07,5.33325,1.58948e-07,5.33325,1.58948e-07,5.33325,1.58948e-07,5.33325,1.58948e-07,5.37525,1.58948e-07,5.55005,1.58948e-07,5.29191,1.58948e-07,5.41791,1.58948e-07,5.29191,1.58948e-07,5.33325,1.58948e-07,5.33325,1.58948e-07,5.33325,3.65581e-06,5.33325,0.000296597,5.33325,0.00978246,5.37525,0.0987354,5.37525,0.422436,5.37525,1.00243,5.37525,1.59127,5.37525,2.12005,5.33325,2.6256,5.33325,3.13145
-63,5.98821,1.3847,5.93614,0.61556,5.59554,0.128198,5.37525,0.00797602,5.33325,0.00017071,5.33325,1.31927e-05,5.33325,1.58948e-07,5.33325,1.58948e-07,5.33325,1.58948e-07,5.33325,1.58948e-07,5.33325,1.58948e-07,5.33325,1.58948e-07,5.33325,1.58948e-07,5.33325,1.58948e-07,5.33325,1.58948e-07,5.33325,1.58948e-07,5.46125,1.58948e-07,5.41791,1.58948e-07,5.37525,1.58948e-07,5.33325,1.58948e-07,5.33325,1.58948e-07,5.33325,1.58948e-07,5.33325,1.58948e-07,5.33325,4.49823e-05,5.33325,0.0024424,5.33325,0.0405426,5.37525,0.254059,5.37525,0.739606,5.37525,1.36259,5.33325,1.92298,5.33325,2.40372,5.37525,2.8563,5.37525
-65,1.8351,5.93614,1.06832,5.78522,0.344776,5.46125,0.043116,5.33325,0.00168215,5.37525,3.75118e-05,5.33325,4.76844e-07,5.29191,1.58948e-07,5.37525,1.58948e-07,5.37525,1.58948e-07,5.37525,1.58948e-07,5.37525,1.58948e-07,5.37525,1.58948e-07,5.37525,1.58948e-07,5.37525,1.58948e-07,5.37525,1.58948e-07,5.37525,1.58948e-07,5.59554,1.58948e-07,5.29191,1.58948e-07,5.46125,1.58948e-07,5.2512,1.58948e-07,5.33325,1.58948e-07,5.33325,1.58948e-07,5.33325,5.72213e-06,5.33325,0.000567286,5.33325,0.0147956,5.37525,0.126488,5.37525,0.486222,5.33325,1.094,5.37525,1.66096,5.33325,2.188,5.37525,2.63574,5.37525,3.04757
-67,5.93614,1.51365,5.98821,0.725458,5.64179,0.15909,5.41791,0.012902,5.33325,0.000301525,5.33325,9.69584e-06,5.33325,1.11264e-06,5.37525,1.58948e-07,5.33325,1.58948e-07,5.33325,1.58948e-07,5.37525,1.58948e-07,5.33325,1.58948e-07,5.33325,1.58948e-07,5.33325,1.58948e-07,5.33325,1.58948e-07,5.37525,1.58948e-07,5.50529,1.58948e-07,5.41791,1.58948e-07,5.37525,1.58948e-07,5.33325,1.58948e-07,5.33325,1.58948e-07,5.33325,1.58948e-07,5.33325,7.94741e-07,5.33325,0.000126523,5.33325,0.0047721,5.33325,0.0620935,5.37525,0.314298,5.33325,0.821488,5.37525,1.45246,5.37525,1.97299,5.33325,2.4556,5.33325,2.8326,5.37525
-69,1.96166,5.98821,1.16893,5.83467,0.427462,5.50529,0.063985,5.33325,0.00282467,5.33325,6.67582e-05,5.33325,2.22527e-06,5.33325,1.58948e-07,5.33325,1.58948e-07,5.33325,1.58948e-07,5.33325,1.58948e-07,5.33325,1.58948e-07,5.33325,1.58948e-07,5.33325,1.58948e-07,5.37525,1.58948e-07,5.37525,1.58948e-07,5.37525,1.58948e-07,5.59554,1.58948e-07,5.29191,1.58948e-07,5.41791,1.58948e-07,5.2512,1.58948e-07,5.33325,1.58948e-07,5.33325,1.58948e-07,5.33325,1.89148e-05,5.33325,0.00123471,5.33325,0.0252359,5.33325,0.189154,5.33325,0.62343,5.37525,1.21038,5.37525,1.77775,5.33325,2.26045,5.37525,2.63574,5.33325,2.99411
-71,5.83467,1.65693,5.93614,0.849075,5.6888,0.212599,5.41791,0.0182714,5.33325,0.000535178,5.33325,1.41464e-05,5.33325,7.94741e-07,5.37525,1.58948e-07,5.33325,1.58948e-07,5.37525,1.58948e-07,5.37525,1.58948e-07,5.37525,1.58948e-07,5.33325,1.58948e-07,5.33325,1.58948e-07,5.33325,1.58948e-07,5.33325,1.58948e-07,5.50529,1.58948e-07,5.41791,1.58948e-07,5.41791,1.58948e-07,5.2512,1.58948e-07,5.33325,1.58948e-07,5.37525,1.58948e-07,5.37525,2.86107e-06,5.33325,0.000263536,5.33325,0.00850086,5.33325,0.0878806,5.37525,0.392557,5.37525,0.956101,5.37525,1.55503,5.37525,2.05002,5.33325,2.48239,5.33325,2.79777,5.33325
-73,2.05619,5.93614,1.29536,5.88497,0.485186,5.55005,0.0794988,5.37525,0.00394525,5.33325,7.16856e-05,5.33325,1.43053e-06,5.37525,3.17896e-07,5.37525,1.58948e-07,5.33325,1.58948e-07,5.33325,1.58948e-07,5.33325,1.58948e-07,5.33325,1.58948e-07,5.33325,1.58948e-07,5.33325,1.58948e-07,5.37525,1.58948e-07,5.37525,1.58948e-07,5.59554,1.58948e-07,5.29191,1.58948e-07,5.41791,1.58948e-07,5.2512,1.58948e-07,5.37525,1.58948e-07,5.33325,1.58948e-07,5.37525,5.13403e-05,5.37525,0.00246227,5.37525,0.0399635,5.33325,0.238358,5.37525,0.695878,5.37525,1.30527,5.37525,1.87029,5.37525,2.33786,5.37525,2.66663,5.37525,2.91733
-75,5.78522,1.74147,5.98821,0.88427,5.73661,0.25996,5.41791,0.0254409,5.37525,0.000768196,5.33325,2.16169e-05,5.33325,1.58948e-07,5.33325,1.58948e-07,5.33325,1.58948e-07,5.37525,1.58948e-07,5.37525,1.58948e-07,5.37525,1.58948e-07,5.37525,1.58948e-07,5.37525,1.58948e-07,5.33325,1.58948e-07,5.33325,1.58948e-07,5.50529,1.58948e-07,5.41791,1.58948e-07,5.37525,1.58948e-07,5.29191,1.58948e-07,5.33325,1.58948e-07,5.37525,1.58948e-07,5.33325,5.08634e-06,5.33325,0.000544556,5.37525,0.0144582,5.37525,0.123023,5.37525,0.492182,5.33325,1.03433,5.33325,1.63315,5.33325,2.13999,5.37525,2.50977,5.33325,2.76379,5.37525
-77,2.1603,5.88497,1.4163,5.88497,0.605729,5.59554,0.113776,5.37525,0.00654517,5.33325,0.000137967,5.33325,5.40424e-06,5.33325,3.17896e-07,5.33325,1.58948e-07,5.33325,1.58948e-07,5.33325,1.58948e-07,5.37525,1.58948e-07,5.29191,1.58948e-07,5.33325,1.58948e-07,5.33325,1.58948e-07,5.33325,1.58948e-07,5.37525,1.58948e-07,5.59554,1.58948e-07,5.29191,1.58948e-07,5.46125,1.58948e-07,5.29191,1.58948e-07,5.33325,1.58948e-07,5.33325,1.43053e-06,5.33325,0.000103316,5.33325,0.00429541,5.33325,0.0564505,5.37525,0.296163,5.37525,0.80597,5.37525,1.40176,5.37525,1.92841,5.37525,2.37859,5.37525,2.65625,5.33325,2.8563
-79,5.73661,1.89627,5.98821,1.06167,5.78522,0.336284,5.50529,0.0368287,5.33325,0.00121309,5.33325,1.97096e-05,5.37525,2.54317e-06,5.33325,1.58948e-07,5.33325,1.58948e-07,5.33325,1.58948e-07,5.33325,1.58948e-07,5.33325,1.58948e-07,5.37525,1.58948e-07,5.33325,1.58948e-07,5.33325,1.58948e-07,5.33325,1.58948e-07,5.50529,1.58948e-07,5.41791,1.58948e-07,5.37525,1.58948e-07,5.33325,1.58948e-07,5.33325,1.58948e-07,5.37525,1.58948e-07,5.37525,2.03454e-05,5.33325,0.00113107,5.33325,0.0225039,5.33325,0.170878,5.37525,0.564179,5.33325,1.13776,5.37525,1.70664,5.33325,2.188,5.37525,2.54722,5.33325,2.75265,5.37525
-81,2.20924,5.83467,1.55858,5.93614,0.701599,5.64179,0.135448,5.37525,0.00910439,5.33325,0.000207745,5.33325,9.85478e-06,5.33325,1.58948e-07,5.33325,1.58948e-07,5.37525,1.58948e-07,5.29191,1.58948e-07,5.33325,1.58948e-07,5.33325,1.58948e-07,5.33325,1.58948e-07,5.33325,1.58948e-07,5.33325,1.58948e-07,5.37525,1.58948e-07,5.55005,1.58948e-07,5.33325,1.58948e-07,5.41791,1.58948e-07,5.29191,1.58948e-07,5.33325,1.58948e-07,5.33325,2.86107e-06,5.33325,0.000238899,5.33325,0.00751523,5.37525,0.0789654,5.37525,0.374058,5.37525,0.913864,5.33325,1.49705,5.37525,2.00781,5.33325,2.42077,5.33325,2.65625,5.33325,2.80928
-83,5.6888,1.98447,5.93614,1.17699,5.78522,0.393689,5.46125,0.0497962,5.37525,0.0017958,5.33325,4.80023e-05,5.33325,2.38422e-06,5.33325,1.58948e-07,5.33325,1.58948e-07,5.33325,1.58948e-07,5.37525,1.58948e-07,5.33325,1.58948e-07,5.33325,1.58948e-07,5.33325,1.58948e-07,5.37525,1.58948e-07,5.37525,1.58948e-07,5.50529,1.58948e-07,5.37525,1.58948e-07,5.41791,1.58948e-07,5.29191,1.58948e-07,5.33325,1.58948e-07,5.33325,3.17896e-07,5.33325,4.97508e-05,5.33325,0.00233495,5.37525,0.0366311,5.37525,0.222147,5.33325,0.666006,5.37525,1.26418,5.37525,1.82042,5.37525,2.26796,5.37525,2.58582,5.33325,2.71975,5.33325
-85,2.29079,5.83467,1.71092,5.93614,0.793786,5.64179,0.182431,5.41791,0.0149525,5.33325,0.000333791,5.33325,9.85478e-06,5.33325,1.11264e-06,5.37525,1.58948e-07,5.33325,1.58948e-07,5.33325,1.58948e-07,5.33325,1.58948e-07,5.33325,1.58948e-07,5.33325,1.58948e-07,5.37525,1.58948e-07,5.33325,1.58948e-07,5.37525,1.58948e-07,5.55005,1.58948e-07,5.29191,1.58948e-07,5.41791,1.58948e-07,5.29191,1.58948e-07,5.33325,1.58948e-07,5.33325,6.19898e-06,5.33325,0.000568399,5.33325,0.0137165,5.33325,0.123535,5.37525,0.457851,5.37525,1.01134,5.37525,1.59499,5.37525,2.06866,5.33325,2.48239,5.33325,2.64595,5.33325,2.78635
-87,5.6888,2.07494,5.93614,1.248,5.83467,0.459701,5.50529,0.0687192,5.33325,0.00299204,5.37525,6.31024e-05,5.33325,5.08634e-06,5.33325,1.58948e-07,5.33325,1.58948e-07,5.33325,1.58948e-07,5.33325,1.58948e-07,5.33325,1.58948e-07,5.33325,1.58948e-07,5.33325,1.58948e-07,5.33325,1.58948e-07,5.37525,1.58948e-07,5.55005,1.58948e-07,5.41791,1.58948e-07,5.37525,1.58948e-07,5.29191,1.58948e-07,5.33325,1.58948e-07,5.33325,7.94741e-07,5.33325,0.000118575,5.33325,0.00421292,5.33325,0.0528372,5.37525,0.277954,5.33325,0.772236,5.37525,1.35448,5.37525,1.87543,5.37525,2.32196,5.37525,2.60556,5.33325,2.69825,5.33325
-89,2.3459,5.78522,1.8012,5.93614,0.90418,5.6888,0.225896,5.41791,0.0207148,5.33325,0.000580797,5.33325,1.81201e-05,5.33325,1.11264e-06,5.37525,1.58948e-07,5.33325,1.58948e-07,5.37525,1.58948e-07,5.37525,1.58948e-07,5.33325,1.58948e-07,5.33325,1.58948e-07,5.33325,1.58948e-07,5.37525,1.58948e-07,5.37525,1.58948e-07,5.59554,1.58948e-07,5.29191,1.58948e-07,5.41791,1.58948e-07,5.29191,1.58948e-07,5.33325,3.17896e-07,5.33325,2.17759e-05,5.33325,0.00111709,5.37525,0.0232457,5.33325,0.153337,5.33325,0.56605,5.33325,1.094,5.37525,1.66502,5.37525,2.1333,5.37525,2.51903,5.33325,2.67708,5.33325,2.75265
-91,5.59554,2.1603,5.83467,1.41337,5.88497,0.56888,5.59554,0.0989357,5.37525,0.00495139,5.37525,0.000103793,5.33325,1.43053e-06,5.33325,1.58948e-07,5.33325,1.58948e-07,5.37525,1.58948e-07,5.37525,1.58948e-07,5.33325,1.58948e-07,5.33325,1.58948e-07,5.33325,1.58948e-07,5.33325,1.58948e-07,5.37525,1.58948e-07,5.50529,1.58948e-07,5.41791,1.58948e-07,5.37525,1.58948e-07,5.33325,1.58948e-07,5.33325,1.58948e-07,5.33325,2.70212e-06,5.33325,0.000257019,5.33325,0.00762188,5.37525,0.0807782,5.33325,0.346526,5.37525,0.895874,5.33325,1.47124,5.33325,1.95045,5.37525,2.37859,5.33325,2.61554,5.33325,2.68762,5.33325
-93,2.42938,5.73661,1.88579,5.93614,1.00835,5.73661,0.29136,5.41791,0.0294008,5.37525,0.000928257,5.37525,1.8438e-05,5.33325,1.74843e-06,5.33325,1.58948e-07,5.33325,1.58948e-07,5.33325,1.58948e-07,5.33325,1.58948e-07,5.33325,1.58948e-07,5.33325,1.58948e-07,5.33325,1.58948e-07,5.33325,1.58948e-07,5.33325,1.58948e-07,5.59554,1.58948e-07,5.29191,1.58948e-07,5.41791,1.58948e-07,5.29191,1.58948e-07,5.33325,4.76844e-07,5.33325,4.87971e-05,5.33325,0.0021733,5.33325,0.0354848,5.33325,0.208827,5.33325,0.666656,5.37525,1.2278,5.37525,1.7549,5.37525,2.20924,5.33325,2.54722,5.33325,2.66663,5.37525,2.73062
-95,5.55005,2.26045,5.83467,1.57657,5.88497,0.637401,5.59554,0.128391,5.37525,0.00705078,5.33325,0.000162763,5.33325,1.74843e-06,5.33325,6.35793e-07,5.33325,1.58948e-07,5.33325,1.58948e-07,5.33325,1.58948e-07,5.37525,1.58948e-07,5.33325,1.58948e-07,5.33325,1.58948e-07,5.37525,1.58948e-07,5.33325,1.58948e-07,5.50529,1.58948e-07,5.37525,1.58948e-07,5.33325,1.58948e-07,5.29191,1.58948e-07,5.33325,1.58948e-07,5.33325,9.37794e-06,5.33325,0.000602255,5.37525,0.0134223,5.37525,0.118971,5.37525,0.465659,5.33325,0.983655,5.37525,1.55503,5.37525,2.00781,5.37525,2.42938,5.33325,2.64595,5.33325,2.68762,5.37525
-97,2.47339,5.6888,1.99607,5.93614,1.18723,5.73661,0.370807,5.50529,0.0428616,5.33325,0.0016262,5.33325,4.19623e-05,5.33325,2.54317e-06,5.33325,1.58948e-07,5.33325,1.58948e-07,5.33325,1.58948e-07,5.33325,1.58948e-07,5.33325,1.58948e-07,5.33325,1.58948e-07,5.33325,1.58948e-07,5.33325,1.58948e-07,5.33325,1.58948e-07,5.55005,1.58948e-07,5.33325,1.58948e-07,5.46125,1.58948e-07,5.29191,1.58948e-07,5.33325,1.27159e-06,5.33325,0.000127476,5.33325,0.00483711,5.33325,0.0567792,5.33325,0.280813,5.37525,0.770492,5.37525,1.34646,5.37525,1.84502,5.33325,2.26796,5.33325,2.57606,5.33325,2.66663,5.33325,2.71975
-99,5.50529,2.30627,5.78522,1.68557,5.88497,0.761893,5.64179,0.165613,5.37525,0.0113293,5.33325,0.000270689,5.37525,8.5832e-06,5.33325,1.58948e-07,5.33325,1.58948e-07,5.33325,1.58948e-07,5.33325,1.58948e-07,5.33325,1.58948e-07,5.33325,1.58948e-07,5.33325,1.58948e-07,5.33325,1.58948e-07,5.33325,1.58948e-07,5.50529,1.58948e-07,5.41791,1.58948e-07,5.37525,1.58948e-07,5.33325,1.58948e-07,5.33325,1.58948e-07,5.33325,2.82928e-05,5.37525,0.00145358,5.37525,0.0256012,5.37525,0.159276,5.33325,0.554104,5.37525,1.08877,5.37525,1.63707,5.33325,2.11349,5.37525,2.48239,5.37525,2.64595,5.33325,2.67708,5.29191
-101,2.50977,5.59554,2.10696,5.93614,1.29783,5.83467,0.467573,5.46125,0.0543213,5.33325,0.00241395,5.33325,4.08497e-05,5.33325,3.17896e-06,5.33325,1.58948e-07,5.33325,1.58948e-07,5.33325,1.58948e-07,5.37525,1.58948e-07,5.37525,1.58948e-07,5.37525,1.58948e-07,5.33325,1.58948e-07,5.33325,1.58948e-07,5.37525,1.58948e-07,5.64179,1.58948e-07,5.29191,1.58948e-07,5.46125,1.58948e-07,5.29191,1.58948e-07,5.37525,3.02001e-06,5.33325,0.000350481,5.33325,0.00880112,5.37525,0.0843202,5.37525,0.356851,5.37525,0.891196,5.37525,1.45246,5.33325,1.90686,5.33325,2.33786,5.33325,2.60556,5.33325,2.66663,5.33325,2.70895
-103,5.46125,2.36213,5.73661,1.84502,5.93614,0.872962,5.6888,0.210631,5.37525,0.016312,5.37525,0.000425345,5.33325,1.03316e-05,5.33325,1.58948e-07,5.33325,1.58948e-07,5.33325,1.58948e-07,5.33325,1.58948e-07,5.33325,1.58948e-07,5.37525,1.58948e-07,5.33325,1.58948e-07,5.33325,1.58948e-07,5.37525,1.58948e-07,5.46125,1.58948e-07,5.46125,1.58948e-07,5.41791,1.58948e-07,5.29191,1.58948e-07,5.33325,4.76844e-07,5.33325,7.21625e-05,5.33325,0.00270784,5.33325,0.0372629,5.33325,0.217545,5.37525,0.65326,5.37525,1.19137,5.37525,1.72388,5.41791,2.16716,5.37525,2.52836,5.33325,2.65625,5.33325,2.67708,5.33325
-105,2.52836,5.59554,2.19504,5.88497,1.44938,5.88497,0.536258,5.55005,0.0809218,5.37525,0.00367615,5.37525,7.77256e-05,5.33325,2.06633e-06,5.37525,1.58948e-07,5.33325,1.58948e-07,5.33325,1.58948e-07,5.33325,1.58948e-07,5.37525,1.58948e-07,5.37525,1.58948e-07,5.33325,1.58948e-07,5.33325,1.58948e-07,5.41791,1.58948e-07,5.59554,1.58948e-07,5.33325,1.58948e-07,5.41791,1.58948e-07,5.29191,1.58948e-07,5.33325,1.11264e-05,5.33325,0.000737043,5.37525,0.0156458,5.41791,0.121296,5.33325,0.461878,5.37525,0.990793,5.37525,1.5272,5.37525,2.00781,5.37525,2.38691,5.33325,2.6256,5.33325,2.66663,5.33325,2.68762
-107,5.50529,2.42938,5.6888,1.89627,5.93614,1.06499,5.6888,0.263167,5.41791,0.0244592,5.33325,0.000703187,5.29191,1.36695e-05,5.37525,1.90738e-06,5.33325,1.58948e-07,5.33325,1.58948e-07,5.33325,1.58948e-07,5.33325,1.58948e-07,5.33325,1.58948e-07,5.37525,1.58948e-07,5.33325,1.58948e-07,5.37525,1.58948e-07,5.50529,1.58948e-07,5.41791,1.58948e-07,5.37525,1.58948e-07,5.29191,1.58948e-07,5.33325,1.58948e-07,5.37525,0.000164511,5.37525,0.00535751,5.33325,0.0606913,5.33325,0.288528,5.37525,0.745258,5.37525,1.29536,5.37525,1.81558,5.37525,2.23822,5.33325,2.56638,5.33325,2.65625,5.33325,2.67708,5.33325
-109,2.56638,5.55005,2.25299,5.83467,1.54447,5.88497,0.667308,5.55005,0.114751,5.37525,0.00607484,5.33325,0.000123821,5.33325,5.88108e-06,5.33325,1.58948e-07,5.33325,1.58948e-07,5.33325,1.58948e-07,5.33325,1.58948e-07,5.37525,1.58948e-07,5.37525,1.58948e-07,5.33325,1.58948e-07,5.33325,1.58948e-07,5.37525,1.58948e-07,5.59554,1.58948e-07,5.29191,1.58948e-07,5.46125,1.58948e-07,5.29191,1.58948e-07,5.33325,2.95644e-05,5.33325,0.00166657,5.37525,0.0262914,5.33325,0.168599,5.37525,0.540504,5.33325,1.10106,5.37525,1.58389,5.37525,2.05619,5.33325,2.4556,5.33325,2.64595,5.37525,2.67708,5.37525,2.68762
-111,5.46125,2.48239,5.6888,2.01374,5.88497,1.14348,5.73661,0.338116,5.41791,0.0359104,5.37525,0.00124154,5.33325,2.78159e-05,5.37525,3.17896e-07,5.33325,1.58948e-07,5.33325,1.58948e-07,5.37525,1.58948e-07,5.33325,1.58948e-07,5.37525,1.58948e-07,5.37525,1.58948e-07,5.33325,1.58948e-07,5.37525,1.58948e-07,5.50529,1.58948e-07,5.41791,1.58948e-07,5.41791,1.58948e-07,5.33325,1.58948e-07,5.33325,5.24529e-06,5.37525,0.000425663,5.37525,0.0102289,5.37525,0.0942765,5.37525,0.383299,5.33325,0.880847,5.41791,1.40464,5.37525,1.87543,5.37525,2.30627,5.33325,2.59565,5.33325,2.67708,5.33325,2.66663,5.37525
-113,2.60556,5.50529,2.32988,5.73661,1.66502,5.88497,0.759351,5.59554,0.145525,5.37525,0.00877378,5.33325,0.000186128,5.33325,1.08085e-05,5.37525,1.58948e-07,5.33325,1.58948e-07,5.33325,1.58948e-07,5.33325,1.58948e-07,5.33325,1.58948e-07,5.37525,1.58948e-07,5.33325,1.58948e-07,5.33325,1.58948e-07,5.41791,1.58948e-07,5.55005,1.58948e-07,5.29191,1.58948e-07,5.46125,1.58948e-07,5.29191,3.17896e-07,5.33325,9.01236e-05,5.29191,0.00355408,5.33325,0.0438556,5.37525,0.228772,5.37525,0.672568,5.41791,1.20824,5.37525,1.69394,5.37525,2.14672,5.37525,2.50057,5.37525,2.64595,5.33325,2.66663,5.33325,2.67708
-115,5.41791,2.51903,5.59554,2.12005,5.83467,1.2856,5.78522,0.408287,5.46125,0.0520238,5.37525,0.00182568,5.33325,4.11676e-05,5.37525,7.15267e-06,5.37525,1.58948e-07,5.33325,1.58948e-07,5.29191,1.58948e-07,5.37525,1.58948e-07,5.37525,1.58948e-07,5.33325,1.58948e-07,5.33325,1.58948e-07,5.37525,1.58948e-07,5.50529,1.58948e-07,5.41791,1.58948e-07,5.41791,1.58948e-07,5.33325,1.58948e-07,5.33325,1.41464e-05,5.33325,0.000936681,5.33325,0.0187137,5.37525,0.133592,5.37525,0.480406,5.37525,0.990793,5.37525,1.51365,5.37525,1.95045,5.37525,2.37033,5.33325,2.61554,5.33325,2.66663,5.33325,2.67708,5.33325
-117,2.61554,5.46125,2.41221,5.73661,1.82042,5.83467,0.858687,5.64179,0.191811,5.37525,0.0133363,5.33325,0.000352388,5.37525,1.30337e-05,5.33325,1.58948e-07,5.33325,1.58948e-07,5.33325,1.58948e-07,5.33325,1.58948e-07,5.33325,1.58948e-07,5.33325,1.58948e-07,5.33325,1.58948e-07,5.33325,1.58948e-07,5.37525,1.58948e-07,5.55005,1.58948e-07,5.2512,1.58948e-07,5.41791,1.58948e-07,5.29191,1.58948e-06,5.33325,0.000201387,5.33325,0.006298,5.37525,0.0648605,5.37525,0.299937,5.37525,0.776628,5.37525,1.31787,5.37525,1.77775,5.33325,2.20212,5.33325,2.53776,5.37525,2.66663,5.33325,2.67708,5.33325,2.66663
-119,5.37525,2.55676,5.55005,2.20924,5.83467,1.44631,5.78522,0.530837,5.50529,0.0744445,5.37525,0.00295802,5.33325,6.67582e-05,5.33325,5.88108e-06,5.33325,1.58948e-07,5.33325,1.58948e-07,5.33325,1.58948e-07,5.33325,1.58948e-07,5.37525,1.58948e-07,5.33325,1.58948e-07,5.33325,1.58948e-07,5.33325,1.58948e-07,5.50529,1.58948e-07,5.46125,1.58948e-07,5.41791,1.58948e-07,5.29191,1.58948e-07,5.33325,4.37107e-05,5.33325,0.00210384,5.29191,0.031469,5.41791,0.184701,5.37525,0.573661,5.37525,1.0853,5.37525,1.59873,5.37525,2.01969,5.33325,2.42077,5.33325,2.63574,5.33325,2.66663,5.37525,2.66663,5.33325
-121,2.63574,5.41791,2.4556,5.6888,1.92841,5.88497,1.01284,5.6888,0.241477,5.41791,0.0191908,5.33325,0.00051531,5.37525,1.47822e-05,5.33325,1.11264e-06,5.33325,1.58948e-07,5.37525,1.58948e-07,5.33325,1.58948e-07,5.33325,1.58948e-07,5.37525,1.58948e-07,5.33325,1.58948e-07,5.33325,1.58948e-07,5.37525,1.58948e-07,5.59554,1.58948e-07,5.33325,1.58948e-07,5.46125,1.58948e-07,5.29191,7.15267e-06,5.41791,0.000501958,5.41791,0.0122055,5.33325,0.0987782,5.33325,0.391207,5.37525,0.891196,5.37525,1.39889,5.37525,1.84502,5.37525,2.26796,5.37525,2.57606,5.33325,2.66663,5.33325,2.66663,5.33325,2.67708
-123,5.37525,2.59565,5.55005,2.29079,5.83467,1.56573,5.88497,0.662773,5.55005,0.103747,5.37525,0.00497985,5.33325,9.99784e-05,5.33325,5.40424e-06,5.33325,1.58948e-07,5.33325,1.58948e-07,5.33325,1.58948e-07,5.33325,1.58948e-07,5.33325,1.58948e-07,5.33325,1.58948e-07,5.33325,1.58948e-07,5.37525,1.58948e-07,5.50529,1.58948e-07,5.46125,1.58948e-07,5.37525,1.58948e-07,5.33325,1.27159e-06,5.33325,0.000123185,5.37525,0.00420418,5.33325,0.0525201,5.29191,0.251996,5.37525,0.68471,5.37525,1.20398,5.41791,1.66909,5.33325,2.10696,5.37525,2.48239,5.33325,2.64595,5.33325,2.66663,5.33325,2.66663,5.33325
-125,2.65625,5.46125,2.49145,5.64179,2.04388,5.88497,1.17094,5.6888,0.319895,5.46125,0.0320993,5.33325,0.000869446,5.37525,2.00275e-05,5.33325,3.49686e-06,5.33325,1.58948e-07,5.33325,1.58948e-07,5.33325,1.58948e-07,5.33325,1.58948e-07,5.33325,1.58948e-07,5.33325,1.58948e-07,5.33325,1.58948e-07,5.41791,1.58948e-07,5.59554,1.58948e-07,5.33325,1.58948e-07,5.41791,1.58948e-07,5.29191,1.8279e-05,5.33325,0.00127317,5.33325,0.0225843,5.33325,0.153751,5.33325,0.513275,5.37525,1.01284,5.33325,1.51365,5.33325,1.92298,5.37525,2.32196,5.33325,2.60556,5.37525,2.65625,5.37525,2.66663,5.33325,2.67708
-127,5.33325,2.61554,5.50529,2.37033,5.78522,1.66502,5.83467,0.767892,5.59554,0.136777,5.41791,0.00779116,5.37525,0.000161809,5.33325,5.24529e-06,5.33325,3.17896e-07,5.33325,1.58948e-07,5.33325,1.58948e-07,5.33325,1.58948e-07,5.33325,1.58948e-07,5.33325,1.58948e-07,5.33325,1.58948e-07,5.33325,1.58948e-07,5.50529,1.58948e-07,5.41791,1.58948e-07,5.37525,1.58948e-07,5.33325,5.08634e-06,5.37525,0.000282292,5.33325,0.0082146,5.33325,0.0787377,5.33325,0.358726,5.37525,0.829473,5.37525,1.30777,5.33325,1.74147,5.37525,2.17406,5.33325,2.51903,5.37525,2.66663,5.33325,2.66663,5.33325,2.66663,5.33325
Scan End
